"","facebook_S_alphas","facebook_S_gammas","facebook_S_thetas","newsletter_alphas","newsletter_gammas","newsletter_thetas","ooh_S_alphas","ooh_S_gammas","ooh_S_thetas","print_S_alphas","print_S_gammas","print_S_thetas","search_S_alphas","search_S_gammas","search_S_thetas","tv_S_alphas","tv_S_gammas","tv_S_thetas","rsq_train","nrmse","decomp.rssd","mape","lambda","lambda_hp","lambda_max","lambda_min_ratio","pos","Elapsed","ElapsedAccum","iterPar","iterNG","df.int","trial","iterations","solID","coef0","mape.qt10","robynPareto","error_score"
"1",0.762910383164646,0.326077230855012,0.257609845920036,0.755783647991,0.756055029619359,0.348399375885725,0.607758083063658,0.700361872829633,0.386664313441581,1.7443193392356,0.699813043422814,0.14379706102216,0.752833731882651,0.941961785217468,0.000543521286209492,1.52210804252328,0.319164511441879,0.307232495636275,0.947461510763729,0.0523427473795089,0.231258135928374,0,11441.6939026153,7.47402687672298e-05,65481090.2533626,1e-04,0,0.21951699256897,55.5571739673615,9,176,1,1,1759,"1_176_9",FALSE,TRUE,2,8.4491437759187
"2",0.762910383164646,0.326077230855012,0.257609845920036,0.755783647991,0.733914560195683,0.370789633114724,0.620774016763181,0.529988681953999,0.334465312524037,1.63141873463903,0.631249145811646,0.14379706102216,0.752833731882651,0.941961785217468,0.000543521286209492,1.52210804252328,0.319164511441879,0.307232495636275,0.947453753498493,0.0523466114189385,0.239398055111492,0,11441.6939026153,7.47402687672298e-05,65481090.2533626,1e-04,0,0.175381898880005,56.5345380306244,9,179,1,1,1789,"1_179_9",FALSE,TRUE,3,8.1174747160522
"3",0.762910383164646,0.326077230855012,0.257609845920036,0.755783647991,0.462718358045051,0.33782006254555,0.657832524021911,0.700361872829633,0.386664313441581,1.7443193392356,0.699813043422814,0.14379706102216,0.752833731882651,0.941961785217468,0.000543521286209492,1.52210804252328,0.319164511441879,0.307232495636275,0.947302598232549,0.0524218478476937,0.229138795770184,0,11441.6939026153,7.47402687672298e-05,65481090.2533626,1e-04,0,0.160449028015137,57.4192609786987,9,182,1,1,1819,"1_182_9",FALSE,TRUE,2,8.53981069804164
"4",0.727458799132402,0.43490251036636,0.270125611687915,1.22413587749824,0.707391253706575,0.381464068341203,0.536581828367034,0.524187736628208,0.361869662696671,1.54437122879421,0.42876334486496,0.146924610110237,0.787652750442835,0.588771047414342,0.00117043995667618,1.26009853137947,0.313746850715294,0.326310771536747,0.9464643144135,0.0528371529706663,0.220649593373324,0,21436.4135906205,0.000227390739632257,65481090.2533626,1e-04,0,0.146944999694824,47.3959410190582,5,152,1,1,1515,"1_152_5",FALSE,TRUE,3,8.9228287137224
"5",0.78232729543376,0.612568959764027,0.279408639716626,1.26489604588048,0.980404491143126,0.357297894231556,0.51730137649285,0.565428815711112,0.36134684544062,1.71675916079585,0.348941412110468,0.107549234700526,1.24403677035144,0.309564590272159,0.000324419022505107,1.26300725493862,0.32310906644854,0.31933059329833,0.946297656421777,0.0529193307856356,0.206353253394715,0,32169.5825195766,0.000391319628287867,65481090.2533626,1e-04,0,0.16947603225708,56.825266122818,2,180,1,1,1792,"1_180_2",FALSE,TRUE,1,9.65390646832127
"6",0.77448213633283,0.49786155568234,0.297027334815017,0.682085934904104,0.702618168858567,0.355041469891084,0.60720307157712,0.54068565198929,0.360793866796288,1.69277130138124,0.704557746871503,0.104139755621946,0.80419184519628,0.906512635798044,0.00725176108931291,1.53143940999349,0.422711937908152,0.33151354800298,0.946040588504137,0.0530458394258487,0.213532828690967,0,19887.5188393642,0.000203734296982505,65481090.2533626,1e-04,0,0.154416799545288,45.1769330501556,9,144,1,1,1439,"1_144_9",FALSE,TRUE,3,9.2716524742456
"7",1.05275380811197,0.49786155568234,0.297027334815017,0.690725932265756,0.736427285806744,0.355437613985063,0.503378709443808,0.544607856204282,0.348467710040733,1.69277130138124,0.704557746871503,0.104139755621946,0.80419184519628,0.906512635798044,0.00725176108931291,1.53143940999349,0.422711937908152,0.33151354800298,0.945991219148597,0.0530701006259898,0.206872915224697,0,19887.5188393642,0.000203734296982505,65481090.2533626,1e-04,0,0.137755155563354,42.7746341228485,9,138,1,1,1379,"1_138_9",FALSE,TRUE,2,9.62446949902235
"8",0.881259199859081,0.57647367739861,0.236287544199196,0.860215871345103,0.49718909159407,0.382555681072325,0.53704722701017,0.536292718624708,0.361441588320974,1.68670054194162,0.636745598731223,0.13241888004631,0.529414750541256,0.724115201168464,0.0048591738832525,1.67184567100774,0.313355902937887,0.300134844421299,0.945954360090257,0.0530882067586746,0.188103130509564,0,31524.8964982352,0.000381473266629924,65481090.2533626,1e-04,0,0.214199066162109,52.4493849277496,10,167,1,1,1670,"1_167_10",FALSE,TRUE,1,10.7808536139149
"9",1.47334047871579,0.316624562550039,0.297027334815017,0.690725932265756,0.736427285806744,0.355437613985063,0.503378709443808,0.544607856204282,0.348467710040733,1.69277130138124,0.881077589251869,0.113797016044562,0.73851978401098,0.986470988335906,0.0115367379252097,1.66229475012855,0.424195183816948,0.344129686728526,0.945736281822949,0.0531952064052766,0.205717274489699,0,15809.8753372824,0.00014145599203319,65481090.2533626,1e-04,0,0.1250159740448,44.2695729732513,9,141,1,1,1409,"1_141_9",FALSE,TRUE,3,9.68776992343216
"10",0.860449374417504,0.589227897316288,0.243820874389168,0.610180665356717,0.505704546788614,0.363760355686362,0.507920339814112,0.455325616163328,0.381174135317375,1.79236668561795,0.423391665621878,0.154496269115822,0.602233788982125,0.588771047414342,0.0024579441491644,1.40296367572384,0.311645493056303,0.3032052914904,0.945427039518672,0.053346567557537,0.175143660469981,0,36451.4309334283,0.000456716777677816,65481090.2533626,1e-04,0,0.19687008857727,55.5291259288788,5,176,1,1,1755,"1_176_5",FALSE,TRUE,1,11.7533980249895
"11",0.628773668384814,0.626379776616035,0.261962707555863,0.87134481005561,0.727988896242336,0.338017610483631,0.659903783471137,0.640888132310989,0.386372023623246,1.69442323181209,0.546987267433404,0.121389051146356,1.82878823142616,0.514051623791419,0.0143651327432899,1.16092998362878,0.58744608332192,0.330478538075438,0.945091897424592,0.0535101221378875,0.183813216774537,0,32543.0249167432,0.000397023255757967,65481090.2533626,1e-04,0,0.185779094696045,61.0455210208893,2,194,1,1,1932,"1_194_2",FALSE,TRUE,2,11.081455053723
"12",0.710675467210843,0.332282765707587,0.259208863428644,0.798562939320458,0.872525141622994,0.367728840768138,0.540044055633864,0.559446779665621,0.370169541728631,1.66314687625067,0.859039091104754,0.106114165497934,0.681478975038944,0.583424255986753,0.0159516084910367,1.41892864986145,0.447815779637673,0.314416931391815,0.944774038424851,0.0536647817291044,0.176700188132396,0,36163.9550645231,0.000452326126601991,65481090.2533626,1e-04,0,0.200559139251709,53.4574511051178,1,170,1,1,1691,"1_170_1",FALSE,TRUE,3,11.6234825374911
"13",0.595509434910858,0.720398977041193,0.285097918003307,1.08812369167416,0.888442474070047,0.376008915247502,0.703912277724327,0.547946786048747,0.343237444684031,1.69028284466883,0.470407193694994,0.134103074496793,2.22642124211651,0.752441195660095,0.00356592158732587,1.85828018542242,0.327071180139884,0.314366039204085,0.9446627251507,0.0537188377864978,0.171461757637449,0,47700.328764492,0.000628522451496286,65481090.2533626,1e-04,0,0.16917896270752,58.0078599452972,3,184,1,1,1833,"1_184_3",FALSE,TRUE,2,12.0584245376591
"14",0.571770164590164,0.682232432580944,0.295948720218097,0.528235201418017,0.984867981010437,0.350880388175814,0.657858689079529,0.643153773131468,0.365317239182407,1.75136169408106,0.517702623760228,0.122700765163229,1.17513733562135,0.643564010695021,0.00446461303144952,1.13744533028463,0.463777973998801,0.315364714820589,0.944491254304353,0.0538020013508092,0.161051285635414,0,41164.8157644212,0.000528704830997873,65481090.2533626,1e-04,0,0.131746053695679,45.9876720905304,4,147,1,1,1464,"1_147_4",FALSE,TRUE,1,13.0271869605087
"15",0.587671855026318,0.516056609147803,0.275918807248558,0.50257060624369,0.535596073308492,0.389566192408856,0.562178064556907,0.470399059194204,0.355232889119985,1.69758457987765,0.486024482569981,0.113000822933063,0.994495506664215,0.615356804978636,0.00719531999735303,1.57392145326812,0.309860951338775,0.327542802462744,0.943355938994436,0.0540532358224691,0.135845100292867,0,130754.647538845,0.00189702034478834,65481090.2533626,1e-04,0,0.196233034133911,63.2130720615387,8,200,0,1,1998,"1_200_8",FALSE,TRUE,1,16.1669195143182
"16",0.727423957737489,0.686715295054348,0.27025385866196,0.716780991386077,0.828717980805573,0.322770024742732,0.711875393641783,0.620177050935227,0.364222484558622,1.69100461275392,0.695399407875436,0.118255277466802,0.829565934445589,0.928176193678125,0.00638275324231516,1.70842462953602,0.371882500028363,0.335517862165235,0.942923396632662,0.0542592225543404,0.151475941144144,0,132217.553002132,0.00191936346343224,65481090.2533626,1e-04,0,0.14681601524353,46.0015459060669,3,147,0,1,1463,"1_147_3",FALSE,TRUE,3,14.0563387108714
"17",0.727423957737489,0.686715295054348,0.27025385866196,0.716780991386077,0.828717980805573,0.346492032304797,0.694093731493718,0.620177050935227,0.364222484558622,1.69100461275392,0.695399407875436,0.118255277466802,0.82956593444559,0.928176193678125,0.00638275324231516,1.70842462953602,0.371882500028363,0.335517862165235,0.942909768370249,0.0542656999438883,0.149685177488795,0,132217.553002132,0.00191936346343224,65481090.2533626,1e-04,0,0.14468502998352,44.2839119434357,3,141,0,1,1403,"1_141_3",FALSE,TRUE,2,14.2689330675975
"18",0.762910383164646,0.326077230855012,0.257609845920036,0.755783647991,0.756055029619359,0.348399375885725,0.607758083063658,0.700361872829633,0.346557703409096,1.61703718893091,0.833177176891961,0.114318830860603,0.851073232771709,0.835060863618606,0.00525041164476567,1.63632491226889,0.4198446624347,0.343110937406885,0.942812021551883,0.0543121354799879,0.147913474887719,0,122031.442221991,0.00176378985502601,65481090.2533626,1e-04,0,0.151302099227905,60.063276052475,9,191,0,1,1909,"1_191_9",FALSE,TRUE,2,14.4844622921458
"19",0.880881114407202,0.376162423835748,0.283253234608916,1.34963077511695,0.568990412791404,0.391854624369658,0.644848512493317,0.607733509350058,0.321351485073247,1.24664009939684,0.802874138581225,0.157969298410171,2.09974153538529,0.481434917377256,0.0023999000889918,1.43529340336982,0.308945733023673,0.300446166341875,0.942709093938284,0.0543609893262979,0.144062696646887,0,144306.370494495,0.00210399732411222,65481090.2533626,1e-04,0,0.135809898376465,58.5560688972473,4,186,0,1,1854,"1_186_4",FALSE,TRUE,2,14.9775910332468
"20",0.642145314417222,0.778621585624146,0.29191445813373,0.804998640726705,0.821553234741459,0.322735416493243,0.650035511708926,0.675964972582519,0.397177353652034,1.91070249547455,0.413615245668218,0.125397835089977,0.881981409247995,0.793663590563531,0.0040158861335293,1.28914829233265,0.300408999876263,0.304383488918331,0.942700508214154,0.0543650624943185,0.124896666396485,0,163274.155580212,0.00239369442568038,65481090.2533626,1e-04,0,0.15861988067627,49.3149080276489,2,158,0,1,1572,"1_158_2",FALSE,TRUE,1,18.0414736138306
"21",1.12646161878426,0.365482067941663,0.261345174796467,0.728058003178632,0.749805327988701,0.387150010461794,0.512698766186888,0.490304184903015,0.324837236004084,1.56268340628726,0.334465135540616,0.123021704175745,1.39241474684505,0.401561400197625,0.0129931526133601,1.19563565302955,0.504368753790586,0.303163641283136,0.942526941819958,0.0544473390795673,0.143575281653522,0,140553.710370099,0.0020466825266124,65481090.2533626,1e-04,0,0.131592035293579,45.1427850723267,7,144,0,1,1437,"1_144_7",FALSE,TRUE,2,15.0396002308379
"22",1.02388021185642,0.404787720324235,0.291583410878074,1.23161915145439,0.343273971154736,0.39490695109043,0.508576883341349,0.618638150884594,0.333778682912194,1.48347575013164,0.557062794295034,0.111937503128659,1.05684105501147,0.974804645649025,0.000409698028867833,1.68177393761463,0.363017082138297,0.333461921918392,0.942324610126045,0.0545430947605757,0.14317919346291,0,144290.673206684,0.00210375757768107,65481090.2533626,1e-04,0,0.185856103897095,55.9035799503326,9,177,0,1,1769,"1_177_9",FALSE,TRUE,3,15.0893522895904
"23",0.762910383164646,0.400168139211834,0.261386229959779,0.639468823835458,0.627706230648598,0.339122529119064,0.55505011400033,0.620454910385816,0.347600510346873,1.79995401880126,0.95226831690705,0.105523571495444,0.903975963107194,0.946247142104757,0.00525041164476567,1.63632491226889,0.4198446624347,0.343110937406885,0.94226483814198,0.0545713503542545,0.134280059102264,0,122031.442221991,0.00176378985502601,65481090.2533626,1e-04,0,0.158728122711182,61.039421081543,9,194,0,1,1939,"1_194_9",FALSE,TRUE,3,16.3901092728904
"24",0.879970283779045,0.537154731054899,0.293329827823816,1.22460479482155,0.57735136151614,0.39490695109043,0.508576883341349,0.463291103382025,0.346985394335531,1.71014156858365,0.691113197518708,0.108599481862038,0.74916010901461,0.485651626561865,0.00197404265240477,1.53926127792116,0.337268878289965,0.309810621753318,0.942718767746878,0.054654245107583,0.133483587003306,0,63073.021709406,0.000863311308988794,65481090.2533626,1e-04,0,0.142825841903687,60.3459920883179,9,192,1,1,1919,"1_192_9",FALSE,TRUE,3,16.5135271171294
"25",0.565952858415428,0.492336116082858,0.295352231233028,1.23161915145439,0.343273971154736,0.39490695109043,0.508576883341349,0.618638150884594,0.333778682912194,1.48347575013164,0.557062794295034,0.150878827890474,2.24305013886421,0.399891555166378,0.00239098566690756,1.27519077333223,0.397868994567189,0.330929905176368,0.94231977714185,0.0548442609990926,0.129164124478159,0,55612.0507563173,0.000749359065739178,65481090.2533626,1e-04,0,0.203687191009521,52.7933459281921,9,168,1,1,1679,"1_168_9",FALSE,TRUE,3,17.2292209804825
"26",0.693875325415936,0.318300329520047,0.28082048605906,0.855641650341034,0.702611167029346,0.3756192315722,0.598925538384898,0.594954485598151,0.332263911818805,1.51276271828905,0.656516972727686,0.135084228718507,2.22794424365887,0.635642378226196,0.00401475739152188,1.52059218650751,0.334394109133815,0.305838185540304,0.941346011262094,0.0550038744775816,0.114416503336963,0,175268.240992388,0.00257688143271184,65481090.2533626,1e-04,0,0.154232978820801,48.992504119873,1,157,0,1,1561,"1_157_1",FALSE,TRUE,1,20.2505573981384
"27",0.500636586727588,0.34054291937851,0.285760554142974,0.857642230173958,0.40914082332124,0.369394501198654,0.590810635446455,0.539760719529337,0.395991737625431,1.66600752304294,0.670249482652766,0.102907944015,0.914748577492174,0.88661798302519,0.00468206298042249,1.30700736201635,0.424193116894899,0.335138243251156,0.941139742654972,0.0551005057175842,0.101916104050406,0,172550.001693291,0.00253536546008992,65481090.2533626,1e-04,0,0.130456924438477,60.6694619655609,4,193,0,1,1924,"1_193_4",FALSE,TRUE,1,23.7729326895035
"28",0.500636586727588,0.558745667762374,0.285889793005026,0.83844832349269,0.40914082332124,0.369394501198654,0.590810635446455,0.539760719529337,0.395991737625431,1.66600752304294,0.670249482652766,0.102907944015,0.914748577492174,0.824635937165971,0.00468206298042249,1.29524148195128,0.420714444536025,0.335138243251156,0.941124106798593,0.0551078237826448,0.101681704638378,0,172550.001693291,0.00253536546008992,65481090.2533626,1e-04,0,0.15146803855896,57.9908080101013,4,184,0,1,1834,"1_184_4",FALSE,TRUE,1,23.849574189004
"29",0.500636586727588,0.558745667762374,0.285889793005026,0.83844832349269,0.40914082332124,0.369394501198654,0.590810635446455,0.539760719529337,0.395991737625431,1.66600752304294,0.670249482652766,0.102907944015,0.914748577492174,0.88661798302519,0.00468206298042249,1.29524148195128,0.420714444536025,0.335138243251156,0.941118843995988,0.0551102867186785,0.101506259261616,0,172550.001693291,0.00253536546008992,65481090.2533626,1e-04,0,0.133956909179688,59.7431800365448,4,190,0,1,1894,"1_190_4",FALSE,TRUE,1,23.9077686719194
"30",0.622470035580337,0.558745667762374,0.285889793005026,0.83844832349269,0.40914082332124,0.369394501198654,0.590810635446455,0.539760719529337,0.395991737625431,1.66600752304294,0.670249482652766,0.102907944015,0.914748577492174,0.824635937165971,0.00468206298042249,1.29524148195128,0.420714444536025,0.335138243251156,0.941098417278493,0.0551198451641886,0.105243251292767,0,172550.001693291,0.00253536546008992,65481090.2533626,1e-04,0,0.122442960739136,58.8350698947906,4,187,0,1,1864,"1_187_4",FALSE,TRUE,2,22.7163297027045
"31",0.500636586727588,0.558745667762374,0.285889793005026,0.83844832349269,0.40914082332124,0.369394501198654,0.516695296163753,0.420368369252484,0.395991737625431,1.66600752304294,0.670249482652766,0.102907944015,0.914748577492174,0.824635937165971,0.00468206298042249,1.29524148195128,0.420714444536025,0.335138243251156,0.941090314873842,0.0551236361313559,0.110016586126625,0,172550.001693291,0.00253536546008992,65481090.2533626,1e-04,0,0.128171920776367,57.0785579681396,4,181,0,1,1804,"1_181_4",FALSE,TRUE,3,21.3562267465821
"32",0.660852893593174,0.329137822470354,0.281957557403311,0.66899994950932,0.748527136126625,0.350810198436809,0.563735655459063,0.527675635004804,0.371869910588308,1.58051198428694,0.606293128100851,0.102225922918138,0.547722988438684,0.603292432505635,0.00222358575663235,1.24692709435225,0.375734674736258,0.316027531105444,0.940081863989602,0.0555934535376775,0.100201046125975,0,209562.973377021,0.00310066871340838,65481090.2533626,1e-04,0,0.168365955352783,62.4754209518433,7,198,0,1,1977,"1_198_7",FALSE,TRUE,1,24.2604480675037
"33",0.65169692020528,0.550368758726098,0.293146467062287,0.801422692920578,0.539302172237892,0.39757754580567,0.536399974253052,0.557682541207769,0.386198644491205,1.66479605452459,0.638033575153066,0.159409685420904,2.03760385516958,0.927091692587195,0.00235730161248597,1.33632065692586,0.425822902131182,0.313599713390604,0.94006388707165,0.0556017926155395,0.107037907777713,0,189975.248954574,0.00280150320906218,65481090.2533626,1e-04,0,0.19402003288269,61.4090640544891,3,195,0,1,1943,"1_195_3",FALSE,TRUE,3,22.1156084303617
"34",0.677302141059951,0.441038165152772,0.242954502140902,0.731870614964388,0.53660802199485,0.352024114560799,0.59687019153929,0.663348840945496,0.358983459680987,1.60939375678412,0.559071491298667,0.145734644705901,0.796736793030645,0.666953116868389,0.00788090625616449,1.27012772383154,0.387572345318957,0.304651117535357,0.939953169337429,0.0556531244740298,0.106021989892102,0,209225.294376079,0.00309551130428594,65481090.2533626,1e-04,0,0.136482000350952,43.351968050003,1,140,0,1,1391,"1_140_1",FALSE,TRUE,3,22.4019717242079
"35",0.5196874743678,0.639691925883233,0.290729592357538,0.980887724471589,0.560119219938018,0.339855039917046,0.651136850940846,0.514949353284354,0.352145338912299,1.71608353882103,0.679293342967554,0.120218187762937,1.70647900967182,0.562280996175927,0.00450847202783418,1.29994336218229,0.469095901050406,0.34290527907236,0.939826720942366,0.0557116916563157,0.102132750679703,0,191839.238674517,0.0028299721323856,65481090.2533626,1e-04,0,0.22257399559021,63.2295389175415,5,200,0,1,1995,"1_200_5",FALSE,TRUE,2,23.5922910173458
"36",0.62511367940976,0.472100451134499,0.270193337798427,1.38701828290152,0.63049465838693,0.380492088981651,0.592015859361897,0.636174376640652,0.345119925632855,1.46715232906897,0.652605595957112,0.127898626707374,2.06311964688385,0.370892988034773,0.00686175822934769,1.37967024162532,0.32429925799174,0.318183518648036,0.939808737830374,0.055720015905581,0.100191808736765,0,214672.262214236,0.00317870345286408,65481090.2533626,1e-04,0,0.185670852661133,55.1892950534821,10,175,0,1,1750,"1_175_10",FALSE,TRUE,1,24.2377784178456
"37",0.62511367940976,0.472100451134499,0.270193337798427,1.38701828290152,0.63049465838693,0.380492088981651,0.592015859361897,0.67041356748319,0.347310383366914,1.34812735154976,0.652605595957112,0.127898626707374,2.06311964688385,0.370892988034773,0.00686175822934769,1.37967024162532,0.32429925799174,0.318183518648036,0.93980721617888,0.0557207202097156,0.104394201172944,0,214672.262214236,0.00317870345286408,65481090.2533626,1e-04,0,0.153800010681152,57.1144919395447,10,181,0,1,1810,"1_181_10",FALSE,TRUE,3,22.8781782562576
"38",0.62511367940976,0.472100451134499,0.270193337798427,1.38701828290152,0.63049465838693,0.373508583789281,0.606015459292826,0.69320408608712,0.373967204396456,1.64557413349458,0.871288674739483,0.104376610536856,1.12971607192363,0.496767775133931,0.00686175822934769,1.37967024162532,0.32429925799174,0.318183518648036,0.939799802859169,0.0557241513751263,0.0926209779710462,0,214672.262214236,0.00317870345286408,65481090.2533626,1e-04,0,0.156249046325684,60.706377029419,10,193,0,1,1930,"1_193_10",FALSE,TRUE,1,27.1310646517862
"39",0.637551497789458,0.523436017789659,0.271150483663713,0.708042610485963,0.588588436851984,0.357270835431978,0.555723600027608,0.537991744063053,0.369678590784433,1.63481733695124,0.437908743036997,0.151868930528282,1.83399947250423,0.677136600848096,0.00705662435327883,1.18390259026539,0.332787368035524,0.316649581741684,0.940387503118982,0.0557553286945096,0.102570876343899,0,76409.3256981011,0.00106699817035386,65481090.2533626,1e-04,0,0.158497095108032,49.0011970996857,7,157,1,1,1567,"1_157_7",FALSE,TRUE,3,23.4426695425388
"40",0.637551497789458,0.523436017789659,0.271150483663713,0.708042610485963,0.588588436851984,0.357270835431978,0.555723600027608,0.537991744063053,0.369678590784433,1.63481733695124,0.437908743036997,0.151868930528282,1.83399947250423,0.677136600848096,0.00457388450502991,1.22551480417161,0.301179661533278,0.312073287900957,0.939634469139269,0.0558006192659829,0.0953876626045415,0,203976.018222192,0.00301533852289689,65481090.2533626,1e-04,0,0.141180992126465,44.5853440761566,7,142,0,1,1417,"1_142_7",FALSE,TRUE,2,25.9787200771529
"41",0.61703657826101,0.424862804829938,0.278496549907784,0.615837006321426,0.343273971154736,0.39490695109043,0.508576883341349,0.463291103382025,0.346985394335531,1.71014156858365,0.691113197518708,0.108599481862038,0.74916010901461,0.580329867024871,0.00275291773060902,1.50898877892311,0.418227493095343,0.308747957256865,0.939152381134657,0.0560229921479755,0.0987681219973364,0,216515.00394067,0.00320684785320783,65481090.2533626,1e-04,0,0.159153938293457,59.4694879055023,9,189,0,1,1889,"1_189_9",FALSE,TRUE,3,24.6664014585645
"42",0.915868708245765,0.337545340325462,0.286203575650791,1.11928671364937,0.652306168210823,0.384723695882565,0.567227747934624,0.795840236190019,0.348550998950747,1.43059864143679,0.693075375487267,0.138326612843414,2.94925646108707,0.365496287452856,0.0075028007271916,1.36955104139712,0.303897975602271,0.301994185797782,0.938970553436376,0.056106634969867,0.0929110128793653,0,228548.890970535,0.00339064275479473,65481090.2533626,1e-04,0,0.126298189163208,58.839821100235,5,187,0,1,1865,"1_187_5",FALSE,TRUE,2,26.8943239808057
"43",0.915868708245765,0.337545340325462,0.286203575650791,1.28541085236025,0.562197644488297,0.365655862810291,0.567227747934624,0.795840236190019,0.348550998950747,1.43059864143679,0.693075375487267,0.138326612843414,2.94925646108707,0.365496287452856,0.0075028007271916,1.36955104139712,0.303897975602271,0.301994185797782,0.938936298785816,0.0561223785467443,0.0939558317046268,0,228548.890970535,0.00339064275479473,65481090.2533626,1e-04,0,0.125971078872681,57.9660670757294,5,184,0,1,1835,"1_184_5",FALSE,TRUE,3,26.4600612697367
"44",0.915868708245765,0.337545340325462,0.286203575650791,1.11928671364937,0.652306168210823,0.384723695882565,0.554197882049188,0.649099160108435,0.34139818945528,1.52049536381891,0.707349948296839,0.143642943933939,2.8911939742521,0.40181892216271,0.0075028007271916,1.36955104139712,0.303897975602271,0.301994185797782,0.938781253428042,0.0561935828599311,0.08922352067909,0,228548.890970535,0.00339064275479473,65481090.2533626,1e-04,0,0.170191049575806,60.7100839614868,5,193,0,1,1925,"1_193_5",FALSE,TRUE,1,28.4930035460946
"45",0.627914874422046,0.564851059066547,0.269479725065592,1.37273167425881,0.880750990331023,0.375509160561067,0.611835864536941,0.708348312409127,0.392314594228621,1.6679375099826,0.684003541084548,0.102624645660039,1.02363144096201,0.86891016949194,0.00140507545351971,1.21724837530437,0.508393423142989,0.313955274038608,0.938610222759614,0.0562720238877499,0.0864557443235551,0,243203.333961669,0.0036144617004672,65481090.2533626,1e-04,0,0.172921895980835,63.1795721054077,4,200,0,1,1994,"1_200_4",FALSE,TRUE,1,29.8097237523406
"46",0.566280203357257,0.538706855467711,0.28774060043309,0.930243699545425,0.468924600346612,0.39490695109043,0.508576883341349,0.618638150884594,0.333778682912194,1.48347575013164,0.557062794295034,0.150878827890474,2.24305013886421,0.399891555166378,0.00239098566690756,1.27519077333223,0.397868994567189,0.320976708328321,0.938554339841428,0.0562976301835688,0.0895197518123077,0,221339.848208704,0.0032805382389672,65481090.2533626,1e-04,0,0.22818398475647,51.7374720573425,9,165,0,1,1649,"1_165_9",FALSE,TRUE,2,28.3169947756373
"47",0.915868708245765,0.337545340325462,0.286203575650791,1.11928671364937,0.652306168210823,0.384723695882565,0.554197882049188,0.649099160108435,0.34139818945528,1.52049536381891,0.707349948296839,0.143642943933939,2.8911939742521,0.40181892216271,0.0075028007271916,1.25938700823052,0.306014736086515,0.314519970008129,0.938415551137434,0.0563611746875134,0.0897555641784271,0,228548.890970535,0.00339064275479473,65481090.2533626,1e-04,0,0.223720073699951,61.8087520599365,5,196,0,1,1955,"1_196_5",FALSE,TRUE,3,28.1853154176397
"48",0.540119613220992,0.740043169953081,0.272308700507376,1.11011948759649,0.913933722684197,0.347510664781032,0.565188349918533,0.551121434983567,0.361118585996794,1.60360278881636,0.449518175082345,0.142016704209958,1.30512553689201,0.486000552634602,0.00333985139805175,1.09329106731073,0.472749175584893,0.335362393614592,0.937729468024208,0.056674251689491,0.0889661554311941,0,248426.378311856,0.00369423384058654,65481090.2533626,1e-04,0,0.14132285118103,46.2651181221008,3,148,0,1,1473,"1_148_3",FALSE,TRUE,2,28.4257180178135
"49",0.666298397194029,0.387510827367909,0.27869629522059,1.00373830134894,0.493096895223332,0.348399375885725,0.513917564859818,0.688742026527,0.330379138941117,1.61703718893091,0.833177176891961,0.114318830860603,0.851073232771709,0.835060863618606,0.0119082063015998,1.21805489254125,0.468975108592966,0.338089745955528,0.937725370517245,0.0566761162899168,0.0791010978942606,0,238775.741439442,0.00354683858502081,65481090.2533626,1e-04,0,0.193454027175903,63.2117249965668,9,200,0,1,1999,"1_200_9",FALSE,TRUE,1,33.7901087587004
"50",0.590689106108024,0.461605237422973,0.262864496074981,1.07383174546615,0.735780552289819,0.39490991602954,0.512559071794386,0.526102768267319,0.343507158401799,1.52643144682359,0.444319925878529,0.147950374544412,2.84243989538261,0.400597553758055,0.00117579181130623,1.21260815577356,0.404715944720517,0.321622840087389,0.937187599264548,0.0569203029608036,0.0858271486163819,0,251091.4461548,0.00373493771961586,65481090.2533626,1e-04,0,0.141083002090454,46.0057909488678,10,147,0,1,1470,"1_147_10",FALSE,TRUE,2,29.8290800646479
"51",0.540119613220992,0.365932436026975,0.272147151929811,1.13411187094807,0.732817739117733,0.389221470472113,0.574516359448235,0.497441261791602,0.334572608870686,1.51639385323754,0.521997795285796,0.14623137464611,2.06827756398291,0.511293490090318,0.014979151581246,1.10799841739207,0.477097516033485,0.335362393614592,0.937084109120356,0.0569671748038093,0.0846408614154596,0,248426.378311856,0.00369423384058654,65481090.2533626,1e-04,0,0.172881126403809,34.2882308959961,3,112,0,1,1113,"1_112_3",FALSE,TRUE,2,30.4135363654329
"52",0.641689887888071,0.562828308586534,0.250967095757066,1.49223562353947,0.671453468323792,0.39021423891733,0.524304621894088,0.657364872416207,0.35154332013644,1.48720938974062,0.483630233831901,0.139628663770324,2.58768108761785,0.364192993501455,0.00380935091675003,1.14324247796002,0.389694365081243,0.33082213171084,0.936850327006915,0.0570729156400191,0.0870168023565404,0,260090.244536643,0.00387237737306171,65481090.2533626,1e-04,0,0.159523010253906,60.6952629089355,1,193,0,1,1921,"1_193_1",FALSE,TRUE,3,29.1702360263026
"53",0.641689887888071,0.562828308586534,0.250967095757066,1.49223562353947,0.671453468323792,0.394950065065633,0.524304621894088,0.657364872416207,0.35154332013644,1.48720938974062,0.483630233831901,0.139628663770324,2.58768108761785,0.364192993501455,0.00380935091675003,1.14324247796002,0.389694365081243,0.33082213171084,0.936847639395281,0.0570741301213674,0.086884677900322,0,260090.244536643,0.00387237737306171,65481090.2533626,1e-04,0,0.149497032165527,59.7565870285034,1,190,0,1,1891,"1_190_1",FALSE,TRUE,3,29.2333880969677
"54",0.641689887888071,0.562828308586534,0.250967095757066,1.49223562353947,0.671453468323792,0.394950065065633,0.524304621894088,0.572849024567487,0.35154332013644,1.48720938974062,0.483630233831901,0.139628663770324,2.58768108761785,0.364192993501455,0.00380935091675003,1.14324247796002,0.389694365081243,0.33082213171084,0.936825564752628,0.0570841042611855,0.086536657457881,0,260090.244536643,0.00387237737306171,65481090.2533626,1e-04,0,0.147269010543823,57.0952949523926,1,181,0,1,1801,"1_181_1",FALSE,TRUE,3,29.3977025676622
"55",0.54803936241721,0.415570402742964,0.271401288877182,0.869014229459569,0.722551214049286,0.34692739331801,0.526604399726751,0.513016727454241,0.342046407037859,1.6208041260528,0.491094135600233,0.136745966930053,0.809398930774177,0.469844709041597,0.00668549202346553,1.23853264778144,0.384407605566744,0.333306817445112,0.936812984608777,0.0570897876558468,0.0786018326767895,0,270060.539830977,0.00402465480743238,65481090.2533626,1e-04,0,0.193939924240112,63.2091720104218,6,200,0,1,1996,"1_200_6",FALSE,TRUE,2,33.8158913023217
"56",0.643610740391673,0.32495713420707,0.251139705235052,0.90264467298967,0.417840121772123,0.384318523394274,0.664653631698731,0.540627576145611,0.363730363986772,1.90762096644357,0.806007588893325,0.127845285565075,0.513252952154138,0.759699620085773,0.00956653886919911,1.64438234482105,0.442466600760957,0.33493435118705,0.93658528972851,0.0571925568940438,0.0780928919077375,0,252599.32344063,0.0037579676979318,65481090.2533626,1e-04,0,0.160297155380249,59.4582118988037,1,189,0,1,1881,"1_189_1",FALSE,TRUE,2,34.0638840144955
"57",0.529035785887055,0.455295319311489,0.250650750296011,0.781652059680582,0.921361069388634,0.351109277103268,0.624028000188062,0.48739538423509,0.32141556229465,1.60319358348989,0.614108171408854,0.11771399655111,0.831682164071058,0.840334242107934,0.00392293795561229,1.55830811873016,0.35567825249564,0.326008474780585,0.936490997845102,0.0572350611546824,0.0847371422379201,0,282373.76099615,0.00421271601048789,65481090.2533626,1e-04,0,0.216609001159668,54.151664018631,6,172,0,1,1716,"1_172_6",FALSE,TRUE,3,30.2217117595377
"58",0.529035785887055,0.455295319311489,0.250650750296011,0.781652059680582,0.728379442839764,0.376387197421974,0.624028000188062,0.48739538423509,0.32141556229465,1.60319358348989,0.614108171408854,0.11771399655111,0.831682164071058,0.840334242107934,0.00392293795561229,1.55830811873016,0.35567825249564,0.326008474780585,0.936392060101213,0.0572796257355159,0.0838727258399199,0,282373.76099615,0.00421271601048789,65481090.2533626,1e-04,0,0.225976943969727,52.0825860500336,6,166,0,1,1656,"1_166_6",FALSE,TRUE,3,30.6463262780894
"59",0.529035785887055,0.455295319311489,0.250650750296011,0.781652059680582,0.728379442839764,0.380584574118917,0.591110726978716,0.387109706729135,0.329971667177407,1.60319358348989,0.614108171408854,0.11771399655111,0.831682164071058,0.840334242107934,0.00392293795561229,1.55830811873016,0.35567825249564,0.326008474780585,0.936350595758289,0.0572982922346496,0.0792762536251952,0,282373.76099615,0.00421271601048789,65481090.2533626,1e-04,0,0.161487817764282,56.1951320171356,6,178,0,1,1776,"1_178_6",FALSE,TRUE,3,33.2435876185211
"60",0.528824050158916,0.507710549029159,0.278551242392883,1.23501549710998,0.749453735260899,0.337711295682705,0.649150355082954,0.531436793108316,0.379593188403285,1.61066826349339,0.657274025941397,0.103857615758848,0.64199439719771,0.662861768423042,0.00465608750172231,1.36516790353141,0.406289332254689,0.327374133567658,0.936255036918168,0.0573412879615668,0.0761253786116677,0,290738.099358423,0.00434046548514377,65481090.2533626,1e-04,0,0.221354961395264,54.1592299938202,8,172,0,1,1718,"1_172_8",FALSE,TRUE,2,35.2435044115258
"61",0.528824050158916,0.507710549029159,0.278551242392883,1.23501549710998,0.739032575697575,0.351892350324592,0.532533038571637,0.541973643585089,0.354692805713244,1.67635069380367,0.695101002685482,0.104083327649326,0.64199439719771,0.662861768423042,0.00465608750172231,1.36516790353141,0.406289332254689,0.327374133567658,0.936056090225914,0.0574306987319135,0.0727247239881448,0,290738.099358423,0.00434046548514377,65481090.2533626,1e-04,0,0.174582004547119,56.2125051021576,8,178,0,1,1778,"1_178_8",FALSE,TRUE,1,37.6089883191391
"62",0.605351410130824,0.828568715331849,0.294157897086025,0.922573970136008,0.898129191737568,0.326755367439098,0.563735655459063,0.527675635004804,0.371869910588308,1.58051198428694,0.606293128100851,0.102225922918138,0.547722988438684,0.603292432505635,0.00466381815342656,1.20719686765186,0.428257498136602,0.319862668322828,0.936002422765454,0.0574547941721932,0.0769535660222956,0,294424.988081545,0.00439677574868091,65481090.2533626,1e-04,0,0.198025941848755,51.6924209594727,7,165,0,1,1647,"1_165_7",FALSE,TRUE,3,34.59365223964
"63",0.605351410130824,0.828568715331849,0.294157897086025,0.922573970136008,0.898129191737568,0.326755367439098,0.563735655459063,0.527675635004804,0.371869910588308,1.58051198428694,0.606293128100851,0.102225922918138,0.960266695322973,0.451821972459626,0.00363856706623222,1.20719686765186,0.428257498136602,0.319862668322828,0.935931070928386,0.0574868138460357,0.0690347254943673,0,294424.988081545,0.00439677574868091,65481090.2533626,1e-04,0,0.21215295791626,50.6564509868622,7,162,0,1,1617,"1_162_7",FALSE,TRUE,1,40.5489833437415
"64",0.62511367940976,0.472100451134499,0.270193337798427,1.38701828290152,0.63049465838693,0.380492088981651,0.592015859361897,0.568728398599687,0.370631707325187,1.73942110876954,0.79535164376376,0.105887328090823,0.901523095282638,0.668636973964265,0.00123577176759697,1.40162612249443,0.34094007438793,0.324071736560423,0.935780200102543,0.0575544596091232,0.0623182740962322,0,292814.013942008,0.00437217116059559,65481090.2533626,1e-04,0,0.159409046173096,59.7832539081573,10,190,0,1,1900,"1_190_10",FALSE,TRUE,1,47.0538507470129
"65",0.605351410130824,0.828568715331849,0.294157897086025,0.922573970136008,0.898129191737568,0.326755367439098,0.563735655459063,0.527675635004804,0.371869910588308,1.58051198428694,0.643045468294485,0.126134511190879,0.924947558742887,0.603292432505635,0.00466381815342656,1.20719686765186,0.428257498136602,0.319862668322828,0.935739568591013,0.0575726639239687,0.0686700625221131,0,294424.988081545,0.00439677574868091,65481090.2533626,1e-04,0,0.157119035720825,54.8001298904419,7,174,0,1,1737,"1_174_7",FALSE,TRUE,2,40.7491481244971
"66",0.762910383164646,0.326077230855012,0.257609845920036,0.755783647991,0.756055029619359,0.348399375885725,0.607758083063658,0.700361872829633,0.386664313441581,1.7443193392356,0.699813043422814,0.14379706102216,0.752833731882651,0.941961785217468,0.000543521286209492,1.52210804252328,0.319164511441879,0.325625011355737,0.936357909708258,0.0576089476240264,0.0736895107387756,0,113412.848925185,0.00163215711633794,65481090.2533626,1e-04,0,0.152622938156128,58.2958059310913,9,185,1,1,1849,"1_185_9",FALSE,TRUE,3,36.7043667709443
"67",0.531302547115641,0.564136827811078,0.242405067944506,1.10830220395196,0.758668236462497,0.371730594436027,0.723896902150398,0.680597060044781,0.383392180108201,1.66921500689691,0.871891405191858,0.100240004129032,0.623940306354636,0.849598320453747,0.00611410159427026,1.73560536582124,0.315824885337695,0.338559599296454,0.935178180010591,0.0578235986949719,0.0707871605971285,0,307848.120330166,0.00460178874776429,65481090.2533626,1e-04,0,0.159523010253906,50.5989589691162,1,162,0,1,1611,"1_162_1",FALSE,TRUE,3,38.6616271245099
"68",0.531302547115641,0.564136827811078,0.242405067944506,1.10830220395196,0.758668236462497,0.371730594436027,0.723896902150398,0.680597060044781,0.383392180108201,1.66921500689691,0.871891405191858,0.100240004129032,0.623940306354636,0.762191124688402,0.00506927562543338,1.6752276026548,0.344165175510455,0.303885545014063,0.935335855192192,0.058069688084214,0.0694709807303076,0,124580.145650033,0.00180271648734095,65481090.2533626,1e-04,0,0.17914891242981,55.8830831050873,1,177,1,1,1761,"1_177_1",FALSE,TRUE,3,39.3937097607364
"69",0.549405436822511,0.478377672884124,0.265048971954721,1.18583535919721,0.693694825178532,0.340301221378476,0.612762426836356,0.618849654235271,0.381200532840892,1.63719606069346,0.665829825663899,0.109741589662211,0.65699429199257,0.715928267027197,0.00573292715213578,1.38931545578704,0.410935207676065,0.326861507926638,0.934453113325396,0.0581460933049135,0.0637102258719648,0,322522.883833285,0.00482591805088746,65481090.2533626,1e-04,0,0.17796802520752,61.0749471187592,10,194,0,1,1940,"1_194_10",FALSE,TRUE,3,44.3918368033733
"70",0.559605990134685,0.397433152379512,0.271947818276591,1.04889801885565,0.703971878664583,0.382831343464086,0.545224002512125,0.468323468723738,0.344217664174105,1.6688749152003,0.600745033764513,0.105622884328902,1.03998119261623,0.68161284661129,0.00158755123837635,1.09624840765722,0.301179661533278,0.327043537399283,0.932769465203746,0.0588881335375538,0.0633836694770443,0,341589.660313185,0.00511712705908285,65481090.2533626,1e-04,0,0.186486959457397,53.1114549636841,7,169,0,1,1687,"1_169_7",FALSE,TRUE,3,43.2227067183965
"71",0.519916483156906,0.696689896729124,0.288970344849969,0.708390839892452,0.554951875453119,0.34220234897039,0.617327913170485,0.488637804555144,0.376855116235711,1.82314115033277,0.358489095445416,0.125027518944651,0.512253158831274,0.834926982019706,0.00782983643540105,1.20644904941308,0.483933510180563,0.330758109250639,0.932625606093711,0.0589511039385444,0.0622419967897413,0,354135.030427516,0.00530873389898523,65481090.2533626,1e-04,0,0.163671970367432,58.2961649894714,3,185,0,1,1843,"1_185_3",FALSE,TRUE,2,44.1232456527622
"72",0.516762398477414,0.344622795565894,0.277227402981754,1.05702326899903,0.402044304031525,0.367728840768138,0.51948473805116,0.344318572917603,0.351493279430651,1.68313802477376,0.49987409244103,0.123544284456247,0.569416288654002,0.708265061810359,0.00794666850405761,1.13544326847845,0.497898536528722,0.342722666005076,0.932432392326941,0.059035572308524,0.0557844430132572,0,346103.567971573,0.00518606847525094,65481090.2533626,1e-04,0,0.172538042068481,58.3037691116333,1,185,0,1,1841,"1_185_1",FALSE,TRUE,1,50.3071463134355
"73",0.519916483156906,0.696689896729124,0.288970344849969,0.708390839892452,0.554951875453119,0.34220234897039,0.617327913170485,0.488637804555144,0.376855116235711,1.75944948539241,0.507982561242538,0.125027518944652,0.512253158831274,0.834926982019706,0.00782983643540105,1.20644904941308,0.483933510180563,0.330758109250639,0.932417183255308,0.0590422162149613,0.0546280554254461,0,354135.030427521,0.0053087338989853,65481090.2533626,1e-04,0,0.190272092819214,54.4836840629578,3,173,0,1,1723,"1_173_3",FALSE,TRUE,1,51.5306461983738
"74",0.519916483156906,0.790391853674555,0.267872374122562,0.913079254143392,0.455119786174466,0.328816962334159,0.550051497532257,0.343958796173285,0.376855116235711,1.75944948539241,0.507982561242538,0.125027518944651,0.512253158831274,0.834926982019706,0.00782983643540105,1.20644904941308,0.483933510180563,0.330758109250639,0.932287651099251,0.0590987705647419,0.0575099823808655,0,354135.030427516,0.00530873389898523,65481090.2533626,1e-04,0,0.167922019958496,59.176470041275,3,188,0,1,1873,"1_188_3",FALSE,TRUE,2,48.3216847116674
"75",0.519916483156906,0.696689896729124,0.288970344849969,0.514385336593177,0.530786617782409,0.33132055785046,0.636855256319815,0.566648383600383,0.375008158594207,1.75654457743362,0.61559790319605,0.116109802202569,0.512253158831274,0.834926982019706,0.00782983643540105,1.20644904941308,0.483933510180563,0.330758109250639,0.932232396505864,0.0591228785205904,0.0616782875626206,0,354135.030427516,0.00530873389898523,65481090.2533626,1e-04,0,0.122785806655884,56.4736120700836,3,179,0,1,1783,"1_179_3",FALSE,TRUE,3,44.2608275238864
"76",0.50274355278349,0.384086723846837,0.287929046443912,1.40750333050437,0.435347567085044,0.397868270501405,0.534824147728456,0.537462939136531,0.342647253459163,1.4185218551426,0.508783297058219,0.179625022853697,2.20144275478983,0.39209623817434,0.00301735356419821,0.978305583337797,0.43756828774071,0.317219832177733,0.932069369289799,0.0591939511857356,0.0615105600942982,0,332267.694994841,0.00497475164089674,65481090.2533626,1e-04,0,0.151102066040039,56.8078429698944,3,180,0,1,1793,"1_180_3",FALSE,TRUE,3,44.2537993734799
"77",0.642145400701375,0.402869226496133,0.283967907545728,1.06572696468842,0.427357361624325,0.344071466354849,0.516245706214842,0.358547298483108,0.34575179384391,1.78872159678132,0.712944218697447,0.110728741512482,0.569416288654002,0.708265061810359,0.00794666850405761,1.13544326847845,0.497898536528722,0.342722666005076,0.932060948744536,0.059197619854011,0.0523465925880271,0,346103.567971573,0.00518606847525094,65481090.2533626,1e-04,0,0.145042896270752,60.0462460517883,1,191,0,1,1901,"1_191_1",FALSE,TRUE,2,53.4467408252574
"78",0.516762398477414,0.344622795565894,0.277227402981754,1.05702326899903,0.402044304031525,0.367728840768138,0.51948473805116,0.413133789240396,0.366462335986101,1.85672982786325,0.700430355044106,0.118717251375422,0.616281874481397,0.883473472502183,0.00794666850405761,1.13544326847845,0.497898536528722,0.342722666005076,0.932027396716041,0.0592122355649197,0.0420350801837556,0,346103.567971573,0.00518606847525094,65481090.2533626,1e-04,0,0.119442939758301,59.1267039775848,1,188,0,1,1871,"1_188_1",FALSE,TRUE,1,64.4350479342636
"79",0.528824050158916,0.507710549029159,0.278551242392883,1.23501549710998,0.739032575697575,0.331677352627232,0.506025409707455,0.433435078832535,0.3650019664391,1.65324527580593,0.762280184282136,0.111596779162691,0.744563009767503,0.611933220932839,0.00208241701953196,1.31482321858766,0.438837454508805,0.339543374197634,0.931978814286755,0.059233392327178,0.0582873743659602,0,358897.854322799,0.0053814770406598,65481090.2533626,1e-04,0,0.133121967315674,57.9771420955658,8,184,0,1,1838,"1_184_8",FALSE,TRUE,3,47.1735180457887
"80",0.521599135516887,0.310882346454495,0.238951548365653,1.06467591055835,0.443164280364927,0.388018927901011,0.570665062486822,0.51801270654383,0.394551429124172,1.64116888439294,0.819567369562094,0.105067178530555,0.762241896421923,0.611933220932839,0.00208241701953196,1.31482321858766,0.438837454508805,0.339543374197634,0.931704313945553,0.0593527905360534,0.0493501461318363,0,358897.854322794,0.00538147704065972,65481090.2533626,1e-04,0,0.151306867599487,60.6969139575958,8,193,0,1,1928,"1_193_8",FALSE,TRUE,2,56.0350813765698
"81",0.521599135516887,0.310882346454495,0.238951548365653,1.06467591055835,0.443164280364927,0.388018927901011,0.570665062486822,0.51801270654383,0.394551429124172,1.64116888439294,0.819567369562094,0.105067178530555,0.762241896421923,0.611933220932839,0.00956461023849773,1.31482321858766,0.438837454508805,0.339543374197634,0.931694768079058,0.0593569383384313,0.0495045087096105,0,358897.854322794,0.00538147704065972,65481090.2533626,1e-04,0,0.198620080947876,62.8685829639435,8,199,0,1,1988,"1_199_8",FALSE,TRUE,3,55.8504839686556
"82",0.636800575881685,0.538883184145566,0.293690824899648,0.562997309698025,0.394515876739668,0.330606290512064,0.551442951841325,0.388754101500373,0.378158624907933,1.98809552273035,0.776175693993774,0.100224515999593,0.57838157175063,0.973909830127395,0.0121013353901324,1.12839967292718,0.622235647696954,0.339543374197634,0.930923590256454,0.0596910729004009,0.0389789476674454,0,358897.854322794,0.00538147704065972,65481090.2533626,1e-04,0,0.156463146209717,59.7732329368591,8,190,0,1,1898,"1_190_8",FALSE,TRUE,1,63.4701383520788
"83",0.698155649064798,0.316653411419078,0.270576114097865,1.18060702796645,0.54728566715974,0.387571861101504,0.507508862174179,0.485692269629466,0.361011681923939,1.88472792743094,0.42949246961805,0.126238732134339,0.965990456994872,0.348990595891207,0.0044277063012492,1.17002042142283,0.397195169698796,0.320908627184534,0.928618658490004,0.0610112716339451,0.0418584247003518,0,168893.934306342,0.00247952593426493,65481090.2533626,1e-04,0,0.1668541431427,60.3556098937988,5,192,1,1,1915,"1_192_5",FALSE,TRUE,2,53.9665855329351
"84",0.690518351320225,0.855276354010538,0.297906075174544,0.509125817997467,0.94135363545873,0.346604816083074,0.523784750187708,0.471638938039171,0.356305008484329,1.69840540617286,0.597786742109955,0.100717004082272,0.63877196822669,0.757058070603248,0.00159160881541034,1.06210482410207,0.669165953953393,0.328879517438179,0.927791183790368,0.0610294729208358,0.0456686903526097,0,430079.118947971,0.00646863645092729,65481090.2533626,1e-04,0,0.230218172073364,50.3108780384064,4,161,0,1,1604,"1_161_4",FALSE,TRUE,3,51.5755508936821
"85",0.532489668263153,0.636956057725134,0.2903739292325,0.562105371344247,0.613733651675241,0.344073752556338,0.579894427690667,0.488637804555144,0.376855116235711,1.75944948539241,0.507982561242538,0.125027518944651,0.512253158831274,0.834926982019706,0.00782983643540105,1.20644904941308,0.483933510180563,0.330758109250639,0.926613047557644,0.0615253273527029,0.035068607015456,0,455668.948906674,0.00685947278396023,65481090.2533626,1e-04,0,0.226794958114624,55.5541861057281,3,176,0,1,1753,"1_176_3",FALSE,TRUE,1,53.737147046495
"86",0.78803746663529,0.476567345501872,0.241921752374864,1.05512234555047,0.772193317225038,0.382239484099737,0.578788448284043,0.516061866007912,0.371319529065622,1.62595428316835,0.777017293015404,0.122685919959905,0.524508416608586,0.60659998767599,0.00972735450648281,1.46209732169193,0.343945486288657,0.322227234987699,0.925955917194917,0.0618001722408665,0.0448976625135001,0,471031.985412212,0.00709411415757488,65481090.2533626,1e-04,0,0.171421051025391,57.7158870697021,8,183,0,1,1828,"1_183_8",FALSE,TRUE,3,48.810500245749
"87",0.68038319971034,0.338885018828108,0.268764545330361,1.34375582928107,0.971297820362548,0.367728840768138,0.540044055633864,0.559446779665621,0.370169541728631,1.66314687625067,0.859039091104754,0.106114165497934,0.681478975038944,0.583424255986753,0.0159516084910367,1.41892864986145,0.447815779637673,0.329488068431332,0.925837800000761,0.062188348887803,0.0397201577071543,0,185269.342980711,0.00272962938116295,65481090.2533626,1e-04,0,0.17902398109436,54.4710929393768,1,173,1,1,1721,"1_173_1",FALSE,TRUE,2,49.4163318811006
"88",0.609898961273083,0.611558084068084,0.211936653329047,1.26525917310581,0.629294183669781,0.379738792102834,0.605992819752984,0.601316145776142,0.380037023554132,1.69821392703444,0.825723951997981,0.109711130003126,0.769557727652862,0.508095126168856,0.0013141750002289,1.38185642248416,0.40559067342186,0.330175784196028,0.923823483267672,0.0630272384940179,0.0370013126782029,0,197013.870864012,0.00290900486816385,65481090.2533626,1e-04,0,0.243767023086548,55.5780129432678,7,176,1,1,1757,"1_176_7",FALSE,TRUE,2,46.6519496609166
"89",0.682592467764234,0.301749969325159,0.250650750296011,1.08124147839043,0.601291909314243,0.355274202796415,0.576609944329876,0.501308097823944,0.37776323747529,1.69125229014908,0.55628491921166,0.118329328294306,0.593043853933298,0.63600828065002,0.00919508699242075,1.17834915042895,0.446165808364482,0.337724686066503,0.922494911099691,0.0632280249447531,0.0345807403857909,0,524288.661561734,0.00790750932469371,65481090.2533626,1e-04,0,0.219969034194946,61.8058729171753,6,196,0,1,1956,"1_196_6",FALSE,TRUE,1,46.192288759378
"90",0.566689384534544,0.596670279698777,0.266606640015737,0.553524384659216,0.625987886836457,0.31449770024248,0.556193982261459,0.55859486460234,0.372055803414127,1.70072074366495,0.416095795755765,0.154839844629444,0.611504827022882,0.624167260496137,0.00573426272200412,1.11660929554686,0.429968089166935,0.308535212268262,0.921082714574835,0.0638014539216148,0.0433965963251084,0,551159.449351626,0.00831790986984996,65481090.2533626,1e-04,0,0.145514965057373,27.4658150672913,10,92,0,1,920,"1_92_10",FALSE,TRUE,3,42.3556811224181
"91",0.566689384534544,0.596670279698777,0.266606640015737,0.553524384659217,0.624244322386542,0.354176287867719,0.53432766284607,0.523405282542238,0.350004650501913,1.64044544399294,0.416095795755765,0.154839844629444,0.611504827022882,0.624167260496137,0.00573426272200412,1.11660929554686,0.429968089166935,0.308535212268262,0.920966253968083,0.0638485134264897,0.0425243795761734,0,551159.449351626,0.00831790986984996,65481090.2533626,1e-04,0,0.225208044052124,21.844712972641,10,74,0,1,740,"1_74_10",FALSE,TRUE,3,42.4641896493017
"92",0.566689384534544,0.596670279698777,0.266606640015737,0.553524384659216,0.624244322386542,0.354176287867719,0.53432766284607,0.523405282542238,0.350004650501913,1.64044544399294,0.439049117436936,0.16009341873457,0.611504827022882,0.624167260496137,0.00573426272200412,1.11660929554686,0.429968089166935,0.308535212268262,0.920921871163403,0.0638664385440194,0.0420307808706771,0,551159.449351626,0.00831790986984996,65481090.2533626,1e-04,0,0.145596981048584,25.7057800292969,10,86,0,1,860,"1_86_10",FALSE,TRUE,3,42.5440856414069
"93",0.531908037697465,0.519687802719723,0.283967907545728,1.06572696468842,0.427357361624325,0.344071466354849,0.503651927253434,0.346759480900849,0.332925708950794,1.78480301240848,0.789375098970204,0.119599044832588,0.688367779373992,0.489605212807796,0.0085004688891676,1.03905773245536,0.515318986885563,0.356194058744394,0.918374248618993,0.0648870608482715,0.0320851688194565,0,571201.424003083,0.00862401318871357,65481090.2533626,1e-04,0,0.179956912994385,62.1321849822998,1,197,0,1,1961,"1_197_1",FALSE,TRUE,1,40.6631281803747
"94",0.692582439074063,0.362439056966565,0.21341569051578,0.900423681813826,0.788774364016098,0.385432525511007,0.531227077659936,0.619573444877544,0.370169541728631,1.66314687625067,0.859039091104754,0.106114165497934,0.681478975038944,0.89838192945226,0.0038634978724025,1.38440300106503,0.306773621830897,0.322889725899209,0.916626362497783,0.0655781078182073,0.0350464215373871,0,621022.084566364,0.00938492970575392,65481090.2533626,1e-04,0,0.120310068130493,45.6931381225586,1,146,0,1,1451,"1_146_1",FALSE,TRUE,2,38.6108547110466
"95",0.637630511168119,0.468348742394775,0.243490331394653,0.680562879304079,0.483935242205999,0.355539779163955,0.535023475436595,0.472002952542937,0.394408478584828,1.75350399702247,0.986474856702456,0.134116092039254,0.748079063197214,0.86332240938323,0.00208553109573277,1.22174234956407,0.321940071839307,0.320381454944425,0.915434840677868,0.0660450452847761,0.0374582840546646,0,628981.326070914,0.00950649209082573,65481090.2533626,1e-04,0,0.173959970474243,51.3083128929138,7,164,0,1,1637,"1_164_7",FALSE,TRUE,3,37.2124427951758
"96",2.0445232453738,0.327231780016188,0.265180540778231,0.675288131863053,0.549779934017161,0.308267161807205,0.516005039546365,0.760206902029157,0.357639146902055,1.9864768901285,0.742423825558848,0.120725288804538,1.20675174444102,0.559091170850643,0.181132694621249,1.52230028153247,0.464864042975266,0.321829131499399,0.946052465779553,0.053040001012297,0.213765788164114,0,10716.2728818017,6.36608324389165e-05,65481090.2533626,1e-04,0,0.242537021636963,62.2969148159027,1,193,1,2,1921,"2_193_1",FALSE,TRUE,3,9.25980138615048
"97",1.27266183374396,0.323569389610678,0.265180540778231,0.675288131863053,0.549779934017161,0.308267161807205,0.516005039546365,0.760206902029157,0.357639146902055,1.9864768901285,0.742423825558848,0.120725288804538,1.20675174444102,0.378161704300146,0.181132694621249,1.52230028153247,0.357059122465675,0.320970104238191,0.945655029457299,0.053235017716869,0.181189844604431,0,23152.1517097928,0.000253595399687612,65481090.2533626,1e-04,0,0.141971111297607,59.3219058513641,1,184,1,2,1831,"2_184_1",FALSE,TRUE,1,11.2787321463565
"98",2.16273435732152,0.328543998770177,0.288324175159874,1.24759504320576,0.691260333781841,0.373909794085093,0.637162217961109,0.727954221194708,0.370424778332878,2.22536552206046,0.546094390974745,0.102700668804194,0.78097095492207,0.778250160099657,0.0406917865794992,2.00732379487834,0.381259903260499,0.329133260598393,0.945547837835876,0.0532874930125407,0.198714425624895,0,27425.0874669051,0.000318856425075046,65481090.2533626,1e-04,0,0.169994115829468,57.1540937423706,7,177,1,2,1767,"2_177_7",FALSE,TRUE,3,10.0938064331688
"99",2.27966321672745,0.334797546219504,0.288525612326505,1.06329330735316,0.555224780635973,0.368115588795845,0.677038739445459,0.898299338117626,0.364764614373646,2.22901687899114,0.588938250704682,0.253842167733173,0.979025053723285,0.942332545272848,0.0649825980511506,1.84639148114678,0.36032477921119,0.317916709333272,0.945096564089679,0.0535078481645294,0.185770614201922,0,27934.6640252521,0.000326639244804028,65481090.2533626,1e-04,0,0.592258930206299,63.4122688770294,5,195,1,2,1945,"2_195_5",FALSE,TRUE,3,10.9406190306445
"100",2.27966321672745,0.364623675622915,0.299751605822055,0.749896836142539,0.546271180576313,0.368115588795845,0.677038739445459,0.898299338117626,0.364764614373646,2.22901687899114,0.588938250704682,0.253842167733173,0.979025053723285,0.942332545272848,0.0649825980511506,1.84639148114678,0.36032477921119,0.317916709333272,0.944942759217458,0.0535827434057379,0.184534385278682,0,27934.6640252569,0.000326639244804102,65481090.2533626,1e-04,0,0.169065952301025,60.8723237514496,5,189,1,2,1885,"2_189_5",FALSE,TRUE,3,11.028413950005
"101",2.01974493126765,0.337713531228881,0.283569175965697,1.16673380606551,0.684891352102246,0.314764033486959,0.597434013703403,0.747878457300476,0.369069011491753,2.32790942145795,0.761897918785332,0.119399765768251,0.828009209710918,0.519928000798349,0.190310774480386,1.63690265923724,0.404246582036226,0.315656798374142,0.944277474523794,0.0539055051052638,0.169422253470588,0,34229.040766088,0.000422773964264304,65481090.2533626,1e-04,0,0.186852931976318,48.2602229118347,8,152,1,2,1518,"2_152_8",FALSE,TRUE,3,12.2341325087065
"102",1.22085922864091,0.335198341018659,0.265819825209089,0.785609765326133,0.594259104104774,0.386677426324878,0.580351031675764,0.770759186867203,0.357017535688436,1.79938318519786,0.571525942571878,0.139191203878112,0.611033730175596,0.693796207561114,0.0511450951119564,1.77799868636008,0.375578343673773,0.323920527539119,0.94353736786234,0.0539666011203603,0.162810793559626,0,114632.706416265,0.00165078813613784,65481090.2533626,1e-04,0,0.147063970565796,58.4174408912659,8,181,0,2,1808,"2_181_8",FALSE,TRUE,2,12.8494755912031
"103",1.57624117411628,0.335198341018659,0.265819825209089,0.785609765326133,0.594259104104775,0.386677426324878,0.580351031675764,0.770759186867203,0.357017535688436,1.79938318519786,0.571525942571878,0.139191203878112,0.611033730175596,0.693796207561114,0.0511450951119564,1.77799868636008,0.375578343673773,0.323920527539119,0.943532494093841,0.0539689302275497,0.16576338537689,0,114632.70641627,0.00165078813613791,65481090.2533626,1e-04,0,0.180324077606201,56.5374639034271,8,175,0,2,1748,"2_175_8",FALSE,TRUE,3,12.5667044520869
"104",1.96096078216252,0.415259597511423,0.2792978525913,1.28855943226754,0.456705641229694,0.32722413816561,0.586545266905595,0.712201903555575,0.374512916589541,2.2866227197615,0.72304118890558,0.175755639825102,2.07434045350521,0.733808641158881,0.0355538115378585,1.70214072299535,0.336778648417078,0.346031776910154,0.944018651630131,0.0540305516191655,0.165710406605135,0,34804.9929217845,0.000431570545910143,65481090.2533626,1e-04,0,0.154448986053467,44.3489148616791,3,141,1,2,1403,"2_141_3",FALSE,TRUE,3,12.5705762216655
"105",1.93621539288377,0.324926895238246,0.246388575321379,1.36857156842442,0.622160492950067,0.13664242662236,0.583103805669354,0.816549041435028,0.370552844669314,2.52228438881517,0.800867558844833,0.149219757860979,1.31690655301711,0.48333837267596,0.0592337485677408,2.33643159868907,0.302633161520001,0.307307640377897,0.943878633191296,0.054098079011053,0.164250701601898,0,35269.9736824197,0.000438672249036376,65481090.2533626,1e-04,0,0.18587589263916,53.7059319019318,2,167,1,2,1662,"2_167_2",FALSE,TRUE,3,12.7075902405325
"106",1.57624117411628,0.335198341018659,0.265819825209089,0.785609765326133,0.594259104104774,0.379837003065212,0.594235324329026,0.807103347031856,0.350752588708376,1.82202028937571,0.578917527149332,0.227450543081531,0.85948244858516,0.888722427367821,0.00764415727183176,1.71589581329875,0.375578343673773,0.323920527539119,0.943076867246145,0.0541862259071029,0.162452026209,0,114632.706416265,0.00165078813613784,65481090.2533626,1e-04,0,0.17609715461731,57.4840638637543,8,178,0,2,1778,"2_178_8",FALSE,TRUE,3,12.8803924651328
"107",1.57882019822746,0.318087102037638,0.269792731755379,0.718180018199346,0.323336618939798,0.370809419401948,0.674408099238933,0.868950165561236,0.333913272792641,1.94487175336973,0.565468816246264,0.181363216310376,1.47879401331055,0.426977020588317,0.161991639077204,1.48237995954983,0.396347391333753,0.317343761781539,0.94298175471679,0.0542314767365177,0.156760387983326,0,119934.972724681,0.00173177024207953,65481090.2533626,1e-04,0,0.220909118652344,61.5436267852783,9,191,0,2,1909,"2_191_9",FALSE,TRUE,3,13.4644388902193
"108",1.83768523580251,0.315170680988308,0.273439130451363,0.677098104142746,0.469046900727944,0.38530318152896,0.624434972233442,0.690281671220855,0.381071807847143,2.67971882974501,0.803522167307698,0.165562962778884,1.14328726325935,0.830323871688968,0.0373322430462402,1.53854639137435,0.381745210217456,0.316336041372381,0.942857096328583,0.0542907272222859,0.131726833207161,0,85512.2468560854,0.0012060281025971,65481090.2533626,1e-04,0,0.173379182815552,58.7496447563171,4,182,0,2,1814,"2_182_4",FALSE,TRUE,1,16.819679490392
"109",2.07658670089808,0.356327928115453,0.298318372992316,1.26915635852399,0.594694236363812,0.355841315180874,0.630179521015889,0.727045285601513,0.388217252140579,2.83228935519835,0.902225966061457,0.158234296809321,1.50008862513844,0.997267403747106,0.00977568270048896,1.89340846079199,0.310192204451029,0.325311262733811,0.943085951632829,0.0544787912895848,0.138629895784101,0,36321.9509576404,0.000454739215536145,65481090.2533626,1e-04,0,0.220498085021973,62.2773449420929,4,193,1,2,1924,"2_193_4",FALSE,TRUE,2,15.7308176703163
"110",2.16290530197203,0.32545412228333,0.29633946411664,1.35349501257542,0.555884741907447,0.340829495266021,0.674763090809785,0.831856415197642,0.371592303326613,2.52895590737713,0.724654567067713,0.197792027598347,0.789417386987648,0.798220906914245,0.00614234389141128,2.29254989748712,0.310410820385795,0.316533691579193,0.942377267737028,0.0545181901614904,0.129131212289355,0,125554.912720737,0.00181760421375765,65481090.2533626,1e-04,0,0.148019075393677,56.1699419021606,5,174,0,2,1735,"2_174_5",FALSE,TRUE,2,17.2536158890378
"111",1.34096865937259,0.381693210909497,0.243319912354164,1.38845666245958,0.682149962123984,0.390806881966985,0.666396480100385,0.742347678553516,0.370449607482197,2.66923499275085,0.978294765680838,0.145029881089586,2.07599591946819,0.553435191778566,0.209084514320766,1.86626451653905,0.319210947835866,0.312144448162692,0.94200097177033,0.0549956174845042,0.124852628053419,0,49528.1617605184,0.000656439149134232,65481090.2533626,1e-04,0,0.184250116348267,60.2673118114471,5,187,1,2,1865,"2_187_5",FALSE,TRUE,1,18.008799438205
"112",2.11290999978571,0.300385807633633,0.280526767416734,1.11435750083589,0.581979810006133,0.324224416579566,0.674763090809785,0.831856415197642,0.371592303326613,2.52895590737713,0.724654567067713,0.197792027598347,0.777549956335386,0.819106220297707,0.0142784386855391,1.90463839356983,0.36032477921119,0.317916709333272,0.941324684979219,0.0550138731290307,0.116809240458757,0,144733.458818941,0.00211052029182546,65481090.2533626,1e-04,0,0.216729879379272,54.0905518531799,5,168,0,2,1675,"2_168_5",FALSE,TRUE,2,19.6879752287069
"113",1.34096865937259,0.381693210909497,0.243319912354164,1.38845666245958,0.682149962123984,0.390806881966985,0.666396480100385,0.742347678553516,0.399678675233843,2.75127441574424,0.978294765680838,0.145029881089586,2.07599591946819,0.553435191778566,0.209084514320766,1.86626451653905,0.319210947835866,0.312144448162692,0.941912530719824,0.0550375321298899,0.122534331966817,0,49528.1617605136,0.000656439149134158,65481090.2533626,1e-04,0,0.161993026733398,64.6898188591003,5,199,1,2,1985,"2_199_5",FALSE,TRUE,3,18.4600987090511
"114",2.11290999978571,0.31118851441006,0.295637018150314,0.891344316907992,0.547929265229581,0.324224416579566,0.674763090809785,0.831856415197642,0.385837054604587,2.52895590737713,0.724654567067713,0.197792027598347,0.777549956335386,0.819106220297707,0.0142784386855391,1.90463839356983,0.36032477921119,0.317916709333272,0.941257354788662,0.0550454284138441,0.114905698249271,0,144733.458818941,0.00211052029182546,65481090.2533626,1e-04,0,0.139756917953491,58.0889959335327,5,180,0,2,1795,"2_180_5",FALSE,TRUE,2,20.1290060853413
"115",2.11290999978571,0.31118851441006,0.295637018150314,0.891344316907993,0.547929265229581,0.324224416579566,0.674763090809785,0.831856415197642,0.371592303326613,2.52895590737713,0.724654567067713,0.197792027598347,0.777549956335386,0.819106220297707,0.0142784386855391,1.90463839356983,0.36032477921119,0.317916709333272,0.941230106236404,0.0550581937083722,0.115337343946651,0,144733.458818946,0.00211052029182553,65481090.2533626,1e-04,0,0.207946062088013,49.7405097484589,5,156,0,2,1555,"2_156_5",FALSE,TRUE,3,20.0253322445757
"116",1.4896462561491,0.308259958610994,0.24959102048945,1.37127399765196,0.780707872864337,0.204912620967704,0.597788681207067,0.445714431851483,0.360234208963283,1.73546895700035,0.461047755830186,0.154689654820714,2.49234220899828,0.829508479103628,0.29486117848616,1.21694488093654,0.644808360711427,0.304460346444407,0.945459306427255,0.0533307943310375,0.193030355791692,0,29493.2797938471,0.000350444157638075,65481090.2533626,1e-04,0,0.126770973205566,58.8327481746674,1,197,1,3,1961,"3_197_1",FALSE,TRUE,3,10.4494466515077
"117",1.71536178600691,0.349416996115835,0.220097819767453,0.695571941365889,0.935659030104616,0.358591314054232,0.545884111860145,0.608926324269864,0.38497407633006,2.40623888949909,0.361796744564345,0.110877743940279,2.84760180918649,0.778630046000129,0.26406930426993,1.08835449255424,0.919903429683741,0.309367572470072,0.944969656062543,0.0535696535488217,0.174228696744195,0,35243.7038855576,0.000438271027492831,65481090.2533626,1e-04,0,0.156353950500488,48.372209072113,2,163,1,3,1622,"3_163_2",FALSE,TRUE,1,11.8262635480635
"118",1.71536178600691,0.349416996115835,0.208990688504341,0.902288626709908,0.998953947837959,0.341888024149286,0.660381442452701,0.334429685801506,0.376260929946054,2.43853304830873,0.460938105791934,0.110877743940279,2.84760180918649,0.778630046000129,0.26406930426993,1.08835449255424,0.919903429683741,0.309367572470072,0.944675949796115,0.0537124184693838,0.173239379204416,0,35243.7038855625,0.000438271027492905,65481090.2533626,1e-04,0,0.157308101654053,46.4593360424042,2,157,1,3,1562,"3_157_2",FALSE,TRUE,3,11.9070797040041
"119",1.65428102644768,0.340699182908511,0.207755599687478,0.757331209245375,0.938268631550847,0.350698975148927,0.594941637675799,0.548423650049074,0.381341405518929,2.34897337236711,0.363385676877283,0.119017422853443,2.77688292479131,0.810145931919114,0.248996761459975,1.08884784872094,0.876473957536543,0.300491096165536,0.944373243117767,0.0538591623162988,0.16371372294372,0,42958.177190674,0.000556095040497917,65481090.2533626,1e-04,0,0.212357044219971,57.873486995697,4,194,1,3,1934,"3_194_4",FALSE,TRUE,2,12.7636042537144
"120",0.504906445175791,0.384405846011454,0.181200377717594,0.869721582864407,0.997352654481275,0.341123453707184,0.634697224979011,0.409591060751473,0.380692995954071,2.3603142311725,0.478137604973488,0.133195000012387,2.71413920368877,0.791441824457223,0.263022432961582,1.0362421736622,0.876686707175735,0.311375247759288,0.943790196055424,0.0541406866320851,0.15022233469686,0,44963.9055300998,0.000586728753598257,65481090.2533626,1e-04,0,0.14621090888977,51.7275152206421,7,174,1,3,1737,"3_174_7",FALSE,TRUE,2,14.2078733777734
"121",1.08813774887669,0.342948460730946,0.282370792628604,1.29197080287937,0.888776355474906,0.35103910876561,0.617060490193636,0.47471895460589,0.369550557231254,2.36603891010136,0.50915519322044,0.149755362756607,2.53800332333564,0.829813436062383,0.237840995224569,1.08491847877486,0.79797967839582,0.341583772544468,0.942471065786199,0.0547722886543325,0.132592341385107,0,54699.4059110966,0.000735420139015434,65481090.2533626,1e-04,0,0.221893787384033,57.1952800750732,1,192,1,3,1911,"3_192_1",FALSE,TRUE,3,16.6523121621733
"122",0.54736958391152,0.406046843042831,0.161817176642861,0.742835740194314,0.906237984695007,0.38386841635735,0.528431850974713,0.54762624644348,0.287960656576132,2.91987766785142,0.926283041327715,0.399003732830503,0.555047962754078,0.649098785686646,0.135010199154192,2.1391117679002,0.307957836562244,0.325310967013943,0.936924436135215,0.0570394169259978,0.0757619190219559,0,197232.684280189,0.00291234682992503,65481090.2533626,1e-04,0,0.15220308303833,56.2592120170593,3,189,0,3,1883,"3_189_3",FALSE,TRUE,1,35.7560344203651
"123",0.802136236946394,0.382799860691762,0.263846966873334,1.49248062992157,0.854768250590406,0.369907085116344,0.745707295475962,0.339588501173476,0.304895840595189,2.72555322821421,0.90819704515189,0.344934853272291,0.542334351624164,0.63507379235043,0.118120254251148,2.49119512001377,0.34657576787994,0.305703591658874,0.934606369944127,0.0580780771937419,0.0629919851708039,0,258954.601590259,0.00385503257141528,65481090.2533626,1e-04,0,0.120718002319336,40.3927021026611,8,137,0,3,1368,"3_137_8",FALSE,TRUE,2,45.2419286669586
"124",0.706914356564997,0.796039326064455,0.296807302941383,0.869270342436948,0.867743200803595,0.397070935173883,0.524253979320265,0.681072916067307,0.270206039784643,2.98759069275679,0.681914282992741,0.357592180890711,1.15465374715363,0.346836443071326,0.109690422813336,1.93288606536173,0.309355978602448,0.345539190506782,0.932150838113444,0.0591584450504695,0.049271350224266,0,310027.459874388,0.00463507404419931,65481090.2533626,1e-04,0,0.11748218536377,56.512787103653,1,190,0,3,1891,"3_190_1",FALSE,TRUE,1,57.0360582595775
"125",0.806868129060092,0.700245407743853,0.176226169500819,1.0814244285915,0.812232601630162,0.341259536885618,0.658477632784478,0.910961612878765,0.337519528384884,2.45565534898323,0.946330582181182,0.398754431475705,0.51279342585715,0.350258132941213,0.0305755072160734,1.35101010593716,0.982622368271602,0.3630493228659,0.914197425399603,0.0665264985906939,0.0364406435021255,0,583826.518503225,0.00881683766807092,65481090.2533626,1e-04,0,0.126344919204712,29.3051362037659,5,100,0,3,995,"3_100_5",FALSE,TRUE,3,36.1366955429405
"126",0.952387799308847,0.806439886675606,0.23260672774869,2.35301522317659,0.944222105437042,0.319176758537501,0.570398698358981,0.587925417521957,0.393716010393912,1.44515240453215,0.980313087852174,0.201751464296453,2.37961053121236,0.856158414629488,0.267702111839579,1.47507024953584,0.376057373023211,0.325185792335793,0.948661515976007,0.0517415273225706,0.270519766344454,0,8321.92718588914,2.70917230187351e-05,65481090.2533626,1e-04,0,0.145876884460449,53.8024091720581,2,175,1,4,1742,"4_175_2",TRUE,TRUE,1,7.05869945675031
"127",1.71687137512756,0.866171051297178,0.229873532518186,2.66666663373232,0.874649255905501,0.269617254347952,0.506305206250047,0.688794418335172,0.395351359293226,1.23133309782675,0.938505200824637,0.162665394562749,2.15009038903055,0.479022929686137,0.0243895249627069,1.08087346081186,0.368601474513529,0.31638248938777,0.948647219307272,0.0517487312749016,0.284385817945177,0,7875.26577318848,2.02698133409858e-05,65481090.2533626,1e-04,0,0.153743982315063,59.2895431518555,9,192,1,4,1919,"4_192_9",TRUE,TRUE,2,6.67077423305896
"128",0.779960910192817,0.724666657598738,0.294196318014315,2.1486526468988,0.972674730441575,0.30904692230214,0.580471496957337,0.684040548799287,0.394472744674663,1.75618282587884,0.876975328767015,0.121253149106101,2.42247005436625,0.693493757913685,0.226804955966706,1.3782401152109,0.34799323856385,0.355291312355878,0.948248189761447,0.0519493953332771,0.283500711327325,0,9895.95526765563,5.1132029834422e-05,65481090.2533626,1e-04,0,0.135838031768799,40.8992481231689,10,137,1,4,1370,"4_137_10",TRUE,TRUE,3,6.69414275929897
"129",1.98794765809308,0.728638295096292,0.157438429434348,1.9809393830756,0.717900157316539,0.320315605024764,0.536602794712108,0.599169298188448,0.391125827427067,1.4184680302343,0.960744039621082,0.103055461889774,2.74062573742459,0.992838016924131,0.233547473688863,1.55066189382839,0.380345443762894,0.32500820917894,0.947676056528464,0.0522357648320983,0.235519659895673,0,16388.1292389613,0.000150287728502674,65481090.2533626,1e-04,0,0.134592056274414,57.3808922767639,2,186,1,4,1852,"4_186_2",TRUE,TRUE,2,8.27240119776412
"130",0.728460640045032,0.794970926710788,0.125175073229406,1.10659491580298,0.676758575351597,0.209800704867595,0.62253486916752,0.554699449099514,0.382530747297754,1.94907987106655,0.762037955544153,0.168570028071692,2.76793046470694,0.909929003505468,0.15528707381728,1.66829998063341,0.376692656434541,0.330929489044379,0.94637977070256,0.0528788568055546,0.218738001531965,0,13896.5284422908,0.0001122332310588,65481090.2533626,1e-04,0,0.224457025527954,60.6529941558838,4,196,1,4,1954,"4_196_4",TRUE,TRUE,3,9.01399274474576
"131",0.698496637356334,0.773509884568651,0.231793979931336,2.24351600428076,0.904446021907087,0.307700179055843,0.699620707615443,0.656061573307638,0.396653618835872,1.64394811251451,0.896567336886604,0.283714341041435,2.9916056690535,0.820700954725806,0.0467485694434695,1.53944084123,0.319514726795237,0.310011769033669,0.946256510345005,0.0529395999748661,0.211922554226825,0,31481.4274005411,0.000380809358242473,65481090.2533626,1e-04,0,0.278637886047363,57.108282327652,5,185,1,4,1845,"4_185_5",FALSE,TRUE,2,9.35508676945994
"132",0.698496637356334,0.773509884568651,0.231793979931336,2.24351600428076,0.904446021907087,0.307700179055843,0.699620707615443,0.817250295050999,0.376374172178943,1.64394811251451,0.896567336886604,0.283714341041435,2.9916056690535,0.820700954725806,0.0467485694434695,1.53944084123,0.319514726795237,0.310011769033669,0.946253236827239,0.0529412122267253,0.215664238331056,0,31481.4274005411,0.000380809358242473,65481090.2533626,1e-04,0,0.247998952865601,59.976565361023,5,194,1,4,1935,"4_194_5",FALSE,TRUE,3,9.16455416770249
"133",1.13136284353362,0.813104846945572,0.220476742167958,2.44420223230075,0.910454500936624,0.331688931509267,0.527037980591286,0.656688813722126,0.37786908514607,1.30473701410291,0.73089078359126,0.123950115051316,2.37140842639225,0.862134313798204,0.0446537939438234,1.52733817915546,0.302613672284226,0.334683237642457,0.94574667383217,0.0531901124717659,0.202396214122809,0,44983.0904495274,0.000587021767016897,65481090.2533626,1e-04,0,0.178206920623779,56.6887483596802,2,184,1,4,1832,"4_184_2",FALSE,TRUE,2,9.87648985554053
"134",0.57385766629163,0.846100902538176,0.238019905164564,2.66666663373232,0.874649255905501,0.269617254347952,0.506305206250047,0.688794418335172,0.395351359293226,1.23133309782675,0.938505200824637,0.162665394562749,2.15009038903055,0.479022929686137,0.0243895249627069,1.23321726502262,0.360944278600217,0.31817255155388,0.945601256885699,0.0532613483599355,0.200785814511764,0,43440.678562106,0.000563464337871059,65481090.2533626,1e-04,0,0.13415002822876,57.3868563175201,9,186,1,4,1859,"4_186_9",FALSE,TRUE,2,9.97020524636168
"135",0.758082201708417,0.706955793390322,0.249959674173195,2.15933673700803,0.933180792561008,0.314046125346416,0.613114992102512,0.421839608954496,0.393441097432519,1.76540595499976,0.732698709713914,0.192850802661043,2.65319646664839,0.907514891443959,0.195840551014027,1.62246782492385,0.34939814383958,0.331388244465798,0.945162760370996,0.053475581615124,0.185398952691058,0,43656.4796287319,0.000566760291680864,65481090.2533626,1e-04,0,0.153552055358887,55.0011961460114,7,179,1,4,1787,"4_179_7",FALSE,TRUE,2,10.9673979678631
"136",0.725971531553108,0.787277924909848,0.193833546502207,1.87068334667475,0.790282860430505,0.258211949219199,0.575957603512,0.32861997620131,0.378240375028417,2.48559561014818,0.755449446346714,0.190780453821491,2.98139435868258,0.708893202911613,0.0728479940127421,1.38817687377903,0.372072076271663,0.307485531063251,0.944797713515017,0.0536532775858961,0.171547819848412,0,34406.6540623662,0.000425486671989495,65481090.2533626,1e-04,0,0.143720865249634,58.9644212722778,3,191,1,4,1903,"4_191_3",FALSE,TRUE,2,12.0519106864979
"137",0.674573215546199,0.82802225994345,0.218655781592015,1.82363798787468,0.653453365697305,0.280973321546416,0.587698756016461,0.532020645256487,0.385960394248047,1.49932183844747,0.850856380265409,0.168745658953723,2.51978928017673,0.76261223080609,0.116896019698421,1.15213709626604,0.48618505577544,0.303913335655512,0.944011325151764,0.0540340870888198,0.161148124390649,0,46296.8390682553,0.000607086796503194,65481090.2533626,1e-04,0,0.166376829147339,62.0553431510925,10,200,1,4,2000,"4_200_10",FALSE,TRUE,2,13.0130199484807
"138",0.548316924669543,0.663867517522233,0.258234498431223,1.15405942151091,0.812944268515024,0.339080235038218,0.650923502394352,0.696247584084366,0.376457885367165,1.40962859594143,0.750266187061092,0.144215313055297,2.42719415436804,0.803618545335884,0.0806075415028448,1.57812170092984,0.316166028705842,0.334207903538949,0.943505978548657,0.0542773916853108,0.148521521090554,0,54199.7708546145,0.000727789156955557,65481090.2533626,1e-04,0,0.130105972290039,58.031494140625,4,188,1,4,1874,"4_188_4",FALSE,TRUE,2,14.4103267039905
"139",0.506193449722797,0.76899944279359,0.2980804380938,1.03231170248316,0.462885313754807,0.318746628939333,0.69285748455567,0.508113515670005,0.366961830234138,2.5452058519924,0.898440852630692,0.240928693433976,0.78537209988935,0.713289698373981,0.0436903198195491,1.29956851754032,0.649323647246814,0.306047911928221,0.933759513872139,0.0587732192695177,0.0586078619930778,0,111715.670178798,0.00160623591565745,65481090.2533626,1e-04,0,0.205554962158203,58.4081652164459,1,189,1,4,1881,"4_189_1",FALSE,TRUE,1,48.1056299472395
"140",0.506193449722797,0.76899944279359,0.239755809940105,1.5019377875311,0.444756187287191,0.318746628939333,0.69285748455567,0.508113515670005,0.366961830234138,2.5452058519924,0.898440852630692,0.240928693433976,0.78537209988935,0.713289698373981,0.0436903198195491,1.29956851754032,0.649323647246814,0.306047911928221,0.933756054735197,0.0587747538443055,0.0627949249745987,0,111715.670178803,0.00160623591565752,65481090.2533626,1e-04,0,0.269961833953857,56.3874492645264,1,183,1,4,1821,"4_183_1",FALSE,TRUE,2,43.9886931291451
"141",0.58738092477146,0.793189468334311,0.278711639490003,2.3773540781006,0.986885776917279,0.344082580606052,0.536602794712109,0.599169298188448,0.356799479687576,2.77125746830339,0.803278618149339,0.255357327592698,0.800286479055285,0.809463367836238,0.102847453631856,1.37046789023482,0.569410003910585,0.31250030986989,0.932554237123523,0.0593055120165442,0.050135746694831,0,131007.664634144,0.00190088470316356,65481090.2533626,1e-04,0,0.17148494720459,55.3168902397156,2,180,1,4,1792,"4_180_2",FALSE,TRUE,2,55.4029446222155
"142",0.624115916437359,0.703744607400843,0.178272868229392,2.06431285225092,0.726844891326843,0.294915943896926,0.600244273938752,0.487843543837291,0.333572874882577,2.55287565823119,0.894516900181136,0.198306317469626,0.629702370701958,0.401903141982602,0.0677959670807337,1.9343847107737,0.431223391401876,0.36858957441703,0.92852868546466,0.0607170120833957,0.0453357204880262,0,376897.144716465,0.00565638221455145,65481090.2533626,1e-04,0,0.124228954315186,33.8150081634521,4,115,0,4,1144,"4_115_4",FALSE,TRUE,2,53.2085764322625
"143",1.36276290231259,0.565523590835975,0.196892093966011,2.62730218280869,0.880596275450522,0.212295522209491,0.585739051316009,0.706221864841787,0.371055024720447,2.41633662597122,0.350783035504247,0.102761537639328,1.38185274770268,0.723481265450334,0.115942696363655,1.13850071632257,0.37743894536959,0.312132648558913,0.949608153969499,0.0512622728977232,0.299554664618447,0,10757.9488186972,6.42973536810754e-05,65481090.2533626,1e-04,0,0.156335115432739,57.5521762371063,8,190,1,5,1898,"5_190_8",TRUE,TRUE,1,6.2925663164987
"144",1.21492570754647,0.565523590835975,0.196892093966011,2.62730218280869,0.880596275450522,0.212295522209491,0.585739051316009,0.706221864841787,0.371055024720447,2.41633662597122,0.350783035504247,0.102761537639328,1.38185274770268,0.723481265450334,0.115942696363655,1.13850071632257,0.37743894536959,0.312132648558913,0.949608153969498,0.0512622728977234,0.299554664618448,0,10757.948818702,6.42973536811494e-05,65481090.2533626,1e-04,0,0.210903882980347,54.8579950332642,8,181,1,5,1808,"5_181_8",TRUE,TRUE,2,6.29256631649866
"145",1.21492570754647,0.565523590835975,0.196892093966011,2.62730218280869,0.880596275450522,0.212295522209491,0.604232766905763,0.71465015507635,0.349798198001046,2.80075531486579,0.312729395640409,0.143608937286067,1.76932432108355,0.899740645829373,0.115942696363655,1.13850071632257,0.37743894536959,0.312132648558913,0.94956785895599,0.0512827643201754,0.307138498589633,0,10757.9488186972,6.42973536810754e-05,65481090.2533626,1e-04,0,0.138298988342285,55.767462015152,8,184,1,5,1838,"5_184_8",TRUE,TRUE,3,6.119066067141
"146",1.3102635821312,0.607803529382001,0.233955339046294,2.82931952924434,0.894482820326014,0.209373957457885,0.60432636702776,0.6625915649483,0.385053931972156,2.39151182689229,0.320994985843411,0.151107633877771,0.854966753485433,0.499888346887252,0.115958284378264,1.39213656821283,0.407821920373793,0.348637907860798,0.949322343014587,0.0514074412562904,0.288013223042796,0,9732.96093839993,4.86425992264709e-05,65481090.2533626,1e-04,0,0.136564016342163,44.6492550373077,6,148,1,5,1476,"5_148_6",TRUE,TRUE,1,6.5763288292727
"147",0.830893518203094,0.517335321826383,0.0739679007138299,1.70602543367407,0.478637552824606,0.360714326932265,0.61419718100544,0.855288009844602,0.262549455695596,2.60492149348876,0.348812405439842,0.112386464261251,2.85567634350285,0.935188366033689,0.0560964529603747,2.20665604619289,0.300870472905921,0.305141739736959,0.948466733490024,0.0518395902288411,0.24409000174832,0,8568.95512768305,3.08646083830855e-05,65481090.2533626,1e-04,0,0.223281860351562,58.8350050449371,2,194,1,5,1932,"5_194_2",TRUE,TRUE,1,7.93855464946074
"148",1.31051329406758,0.613120148738963,0.226269525308096,1.86553565346912,0.964506012363865,0.259816645771183,0.612799914278402,0.704350190034899,0.282332612451439,2.13375786585494,0.703104445256173,0.17459478164494,1.55788280674658,0.935188366033689,0.0560964529603747,2.20665604619289,0.300870472905921,0.305141739736959,0.948398087530762,0.0518741057404606,0.273158803372602,0,8568.95512768305,3.08646083830855e-05,65481090.2533626,1e-04,0,0.140965938568115,59.7966952323914,2,197,1,5,1962,"5_197_2",TRUE,TRUE,2,6.98135041178938
"149",1.31721344426904,0.638656071811898,0.148172970100819,2.51070499932254,0.872557042457727,0.249425964098202,0.553341652455978,0.74501573549227,0.378757196064021,1.71262890884041,0.48745621887531,0.111799581987403,1.70420512279635,0.96154446088097,0.0718639693606727,1.73204621916145,0.363396820564068,0.383395853206416,0.948257958149944,0.051944492260108,0.26081284129877,0,12968.6638288282,9.80618511136437e-05,65481090.2533626,1e-04,0,0.125933170318604,40.3804452419281,7,134,1,5,1337,"5_134_7",TRUE,TRUE,2,7.35809722664415
"150",0.73408149640222,0.583104285109007,0.00897680506244882,1.88575740989565,0.694970471448959,0.299137281581659,0.548906433367062,0.691901016212477,0.382490668433207,1.64022892898251,0.524170105310722,0.142593602663316,1.68513880938204,0.816639348027085,0.111568758231221,1.50022945930953,0.306687040623202,0.307154454440519,0.948148244856721,0.0519995343813664,0.249736922198943,0,16549.8113225497,0.000152757117035884,65481090.2533626,1e-04,0,0.145612955093384,57.258581161499,7,189,1,5,1887,"5_189_7",TRUE,TRUE,2,7.73244602617864
"151",0.830893518203094,0.517335321826383,0.0739679007138299,0.858009103620689,0.708954313735572,0.353357846498899,0.552575371091246,0.823562847891026,0.260967744544843,2.0022235266342,0.413125602000445,0.161432442872446,2.96602590571511,0.935188366033689,0.0560964529603747,2.20665604619289,0.300870472905921,0.305141739736959,0.948087656714601,0.0520299059219401,0.241028966478054,0,8568.95512768305,3.08646083830855e-05,65481090.2533626,1e-04,0,0.145153045654297,55.1372141838074,2,182,1,5,1812,"5_182_2",TRUE,TRUE,1,8.05462877554384
"152",0.830893518203094,0.517335321826383,0.0739679007138299,0.858009103620689,0.657510631055905,0.362131868806001,0.533140342655305,0.823562847891026,0.260967744544843,2.0022235266342,0.413125602000445,0.161432442872446,2.96602590571511,0.935188366033689,0.0560964529603747,2.20665604619289,0.300870472905921,0.305141739736959,0.9480365422522,0.0520555147287528,0.239328528857584,0,8568.95512768305,3.08646083830855e-05,65481090.2533626,1e-04,0,0.149292945861816,56.0487990379333,2,185,1,5,1842,"5_185_2",TRUE,TRUE,1,8.12067402982495
"153",1.57574226358633,0.352265517524239,0.242193749502631,1.81290695673727,0.758073442614706,0.359841709838151,0.573671981443016,0.998456456328212,0.383295915545298,2.6449619045197,0.305499153536243,0.155147954874869,2.94376473316114,0.958921798644064,0.281142200645759,1.63790640746086,0.377466349417245,0.306011898794957,0.94799114661029,0.0520782477966625,0.233902990140484,0,21875.2904472162,0.000234093754914566,65481090.2533626,1e-04,0,0.112869024276733,53.5442430973053,4,177,1,5,1764,"5_177_4",FALSE,TRUE,1,8.338919666954
"154",0.830893518203094,0.517335321826383,0.0739679007138299,0.858009103620689,0.708954313735572,0.353357846498899,0.552575371091246,0.823562847891026,0.260967744544843,2.0022235266342,0.413125602000445,0.165804322435443,1.87955438413012,0.935188366033689,0.0560964529603747,2.20665604619289,0.300870472905921,0.305141739736959,0.947923907734835,0.052111901218587,0.242578360664663,0,8568.95512768305,3.08646083830855e-05,65481090.2533626,1e-04,0,0.188534021377563,49.5463280677795,2,164,1,5,1632,"5_164_2",TRUE,TRUE,2,7.99523732080249
"155",0.830893518203094,0.517335321826383,0.0739679007138299,0.858009103620689,0.708954313735572,0.353357846498899,0.552575371091246,0.823562847891026,0.260967744544843,2.0022235266342,0.413125602000445,0.165804322435443,1.41867910858091,0.903292810096756,0.0899593493674457,2.20665604619289,0.300870472905921,0.305141739736959,0.947877202137337,0.0521352648379915,0.24577290714265,0,8568.95512768305,3.08646083830855e-05,65481090.2533626,1e-04,0,0.183360815048218,54.1717212200165,2,179,1,5,1782,"5_179_2",TRUE,TRUE,3,7.87569725260597
"156",0.854544084764511,0.461132316450579,0.0566403902824253,1.05266386789487,0.555350528490866,0.375916933237742,0.559341261993829,0.823562847891026,0.260967744544843,2.0022235266342,0.413125602000445,0.161432442872446,2.96602590571511,0.935188366033689,0.0676368141122523,2.36897620122109,0.312615575603783,0.305235187070669,0.947811617653915,0.0521680546117612,0.243053371882751,0,7812.77001794587,1.9315308686263e-05,65481090.2533626,1e-04,0,0.133775949478149,57.8087141513824,2,191,1,5,1902,"5_191_2",TRUE,TRUE,3,7.97715661240173
"157",0.801330310001323,0.587589078546139,0.0956272887530857,1.16782768659995,0.474481722679466,0.375659673869028,0.512295615584982,0.917888893317854,0.32474018266106,2.70474810027261,0.388314188367193,0.177218011094723,2.32458618681916,0.929194598381956,0.0472826235753754,1.7580877069997,0.334285873026279,0.318112898246494,0.947763012080325,0.0521923422786987,0.226788254437595,0,9514.18651485332,4.53012330040951e-05,65481090.2533626,1e-04,0,0.213997840881348,45.0192332267761,7,149,1,5,1487,"5_149_7",TRUE,TRUE,1,8.64337792971776
"158",0.801330310001323,0.587589078546139,0.0956272887530857,0.614690648277961,0.836654441941869,0.336126515959221,0.519824221918092,0.988579997959703,0.305556414957147,2.41435709805516,0.490177261005475,0.176861680918473,2.71565455857531,0.77371687001,0.0416710015205276,2.00375585240763,0.317728033543051,0.318112898246494,0.947426231710217,0.052360318237779,0.22137126386994,0,9514.18651485332,4.53012330040951e-05,65481090.2533626,1e-04,0,0.165703058242798,46.0156872272491,7,152,1,5,1517,"5_152_7",TRUE,TRUE,1,8.89028987012833
"159",1.40388430089257,0.440462172170161,0.136676920570107,1.43987670357163,0.836906906202907,0.379044562719509,0.572159126718471,0.817117433023095,0.324892333989457,2.88581953584466,0.458205158344063,0.178122922713743,2.76597185344417,0.806386056191553,0.039369876682361,1.93092388282083,0.328336662205565,0.340559751792467,0.947250196971409,0.0524479049994903,0.223855176211236,0,16706.0232640669,0.000155142959477865,65481090.2533626,1e-04,0,0.270088195800781,50.3427560329437,10,166,1,5,1660,"5_166_10",TRUE,TRUE,2,8.77495276776191
"160",0.73408149640222,0.583104285109007,0.00897680506244884,1.88575740989565,0.533261039939661,0.365211866583902,0.556035206943117,0.886076680816994,0.359754260230397,2.8189595494148,0.524170105310722,0.142593602663316,1.68513880938204,0.816639348027085,0.111568758231221,1.50022945930953,0.306687040623202,0.307154454440519,0.947219376533184,0.0524632247853142,0.239075117129957,0,16549.8113225546,0.000152757117035958,65481090.2533626,1e-04,0,0.148303031921387,56.3789122104645,7,186,1,5,1857,"5_186_7",FALSE,TRUE,3,8.12990281474958
"161",1.75446822885586,0.37578485836077,0.216386703377503,2.52715943979856,0.844157917784283,0.286724251549796,0.590164797765938,0.940255213505431,0.380120123663957,2.31804818171437,0.833246456128433,0.130684366001987,2.81653749026028,0.831169150629945,0.0918348558888911,1.71115476453597,0.325280583942353,0.331873522840137,0.947124314421348,0.0525104487570949,0.22775672883219,0,21975.6785461068,0.000235626993568901,65481090.2533626,1e-04,0,0.232028961181641,45.0309541225433,2,149,1,5,1482,"5_149_2",FALSE,TRUE,3,8.59988856446752
"162",0.875280075519723,0.528974034620456,0.0691397337189413,0.651163165919549,0.55330209555707,0.331274141413749,0.540222236472475,0.569504948012631,0.383295915545298,1.65167976870674,0.957929173062279,0.141184018563818,2.97961120776276,0.942808032580472,0.0629330334028569,1.90434012141402,0.336421708702179,0.30795933529437,0.946737258903433,0.0527022892972477,0.215957020302029,0,16266.6066503734,0.000148431700425074,65481090.2533626,1e-04,0,0.169759035110474,50.9896421432495,4,168,1,5,1674,"5_168_4",FALSE,TRUE,1,9.15090257613506
"163",0.73408149640222,0.583104285109007,0.00897680506244882,1.88575740989565,0.533261039939661,0.365211866583902,0.556035206943117,0.886076680816994,0.359754260230397,2.74492863874298,0.551443815715037,0.103665410819425,2.67983288470948,0.818763046919267,0.236080884368161,1.24919626413578,0.419931864851829,0.307154454440519,0.946649206526728,0.0527458342351248,0.226858290430792,0,16549.8113225497,0.000152757117035884,65481090.2533626,1e-04,0,0.140047073364258,59.1370122432709,7,195,1,5,1947,"5_195_7",FALSE,TRUE,3,8.63886726705902
"164",0.532297079788768,0.550107807104138,0.00848699763448133,0.854135199072272,0.994511991083962,0.376312784447025,0.560007125326599,0.737724629692996,0.304876376888795,2.06962591762684,0.556395802192482,0.156205570360888,1.7391963130974,0.940506338528223,0.052733633130117,2.00375585240763,0.348949380802053,0.304430598225692,0.946641246059052,0.0527497691892248,0.216466581535883,0,17782.9116354894,0.000171590395934137,65481090.2533626,1e-04,0,0.141116857528687,46.8776450157166,7,155,1,5,1547,"5_155_7",FALSE,TRUE,2,9.12545508780062
"165",1.4772127210256,0.410628921494633,0.202598506401847,2.69559007962317,0.824871494744569,0.257699657172707,0.524143806938376,0.513789949671593,0.384943757350534,2.71806507896473,0.312693250990346,0.146722058095077,1.30513788245044,0.931773896800857,0.0938479967702648,1.48069707314928,0.377724841368029,0.31743134785819,0.946010779809792,0.0530604894086006,0.199505347353311,0,51539.5416721185,0.000687159179328045,65481090.2533626,1e-04,0,0.122900009155273,47.4342830181122,4,157,1,5,1564,"5_157_4",FALSE,TRUE,1,10.0476198274884
"166",1.12578953778955,0.599942928844143,0.0977253383868116,1.82315458974068,0.671722180786878,0.239399171160846,0.539135474938855,0.977199953454713,0.37690771920976,2.70551882326257,0.481115957711702,0.166220331129148,2.14953070734365,0.921621298644982,0.0511243821991914,1.67896726370652,0.310399241243002,0.313245076569574,0.94555874932552,0.0532821536923334,0.191026569240074,0,41317.5306089244,0.000531037261886302,65481090.2533626,1e-04,0,0.1128830909729,55.7363600730896,1,184,1,5,1831,"5_184_1",FALSE,TRUE,2,10.5813630782303
"167",1.12578953778955,0.599942928844143,0.0977253383868116,1.72682476299301,0.663556386699533,0.206134899647507,0.542445161850746,0.977199953454713,0.37690771920976,2.70551882326257,0.481115957711702,0.166220331129148,2.14953070734365,0.921621298644982,0.0511243821991914,1.67896726370652,0.310399241243002,0.313245076569574,0.945425122832213,0.0533475043561367,0.190292741237383,0,41317.5306089244,0.000531037261886302,65481090.2533626,1e-04,0,0.133394002914429,60.4276661872864,1,199,1,5,1981,"5_199_1",FALSE,TRUE,2,10.6298450624202
"168",0.782665504496821,0.742443412916321,0.067568823437847,2.33224066840733,0.779164755286314,0.272852555259879,0.556035206943117,0.886076680816994,0.359754260230397,2.8189595494148,0.524170105310722,0.142593602663316,1.68513880938204,0.816639348027085,0.111568758231221,1.50022945930953,0.306687040623202,0.320719892082609,0.94523482386303,0.0534404330184997,0.191778510814366,0,47072.1126386184,0.000618927636392597,65481090.2533626,1e-04,0,0.194432020187378,55.463475227356,7,183,1,5,1827,"5_183_7",FALSE,TRUE,3,10.5303485564412
"169",1.12578953778955,0.553252205667828,0.129401532867439,1.11700809143197,0.618283739082987,0.239399171160846,0.539135474938855,0.977199953454713,0.37690771920976,2.70551882326257,0.481115957711702,0.166220331129148,2.14953070734365,0.921621298644982,0.0511243821991914,1.67896726370652,0.310399241243002,0.313245076569574,0.94497149729514,0.0535687573612795,0.175620715589281,0,41317.5306089244,0.000531037261886302,65481090.2533626,1e-04,0,0.203806161880493,59.4801640510559,1,196,1,5,1951,"5_196_1",FALSE,TRUE,2,11.7118565555227
"170",1.57574226358633,0.352265517524238,0.242193749502631,1.81290695673727,0.758073442614705,0.383109990337895,0.602640769463036,0.916453802614046,0.373345808236102,2.96864386560742,0.33269342898044,0.127733492270743,2.11935213380653,0.993259781057733,0.262939593985687,1.23508529298238,0.368633555081366,0.308097493863849,0.944931440200855,0.0535882510627196,0.169663608398468,0,51921.6313462292,0.000692994877625382,65481090.2533626,1e-04,0,0.171746969223022,54.5280220508575,4,180,1,5,1794,"5_180_4",FALSE,TRUE,1,12.2174235081974
"171",0.831244590353458,0.582445115253389,0.12696573632389,0.627568022772854,0.781103416831683,0.332852129337425,0.525593589852527,0.594919195963178,0.323544044524044,2.49397113032856,0.620600739872476,0.142338584680163,1.42413360518161,0.991413185552207,0.0370948662946845,1.84138456041639,0.339624780122537,0.330241316367441,0.944853612392672,0.0536261055444258,0.178313612513664,0,28703.6095231032,0.000338383435334692,65481090.2533626,1e-04,0,0.140779972076416,50.6913731098175,10,167,1,5,1670,"5_167_10",FALSE,TRUE,3,11.4960104927287
"172",1.39898616805673,0.517483101065286,0.278982377759277,2.55316548160756,0.41640386499096,0.374545585260662,0.54164067806168,0.950380959096954,0.356386361976856,2.8313251129371,0.3297605218464,0.15774160077066,1.70252753003952,0.925089485192635,0.0764410460596214,1.60611619213521,0.354458351831242,0.311945740214709,0.944405044123302,0.053843764866608,0.17050395409988,0,49826.789362088,0.000661000121869426,65481090.2533626,1e-04,0,0.151178121566772,39.7943801879883,4,132,1,5,1314,"5_132_4",FALSE,TRUE,2,12.1397884038367
"173",1.9184273756217,0.397611405599667,0.295515898811007,1.05027679200392,0.472687947160881,0.38160058759878,0.534059375905127,0.820274283701574,0.356386361976856,2.83132511293711,0.3297605218464,0.15774160077066,1.70252753003952,0.925089485192635,0.0764410460596214,1.60611619213521,0.354458351831242,0.311945740214709,0.944283381041107,0.0539026480718269,0.159102311409538,0,49826.789362088,0.000661000121869426,65481090.2533626,1e-04,0,0.166244029998779,32.2679872512817,4,108,1,5,1074,"5_108_4",FALSE,TRUE,1,13.2243846142322
"174",0.710738862300601,0.488072495741276,0.0435783083034612,1.5699113419338,0.362205986124092,0.365211866583902,0.556035206943117,0.886076680816994,0.359754260230397,2.8189595494148,0.524170105310722,0.142593602663316,1.68513880938204,0.816639348027085,0.111568758231221,1.50022945930953,0.306687040623202,0.320719892082609,0.943495553104678,0.0542823996471087,0.148579800891781,0,47072.1126386184,0.000618927636392597,65481090.2533626,1e-04,0,0.140450954437256,49.8821821212769,7,165,1,5,1647,"5_165_7",FALSE,TRUE,3,14.4030147212555
"175",1.22730514152376,0.320692425343092,0.287106884777454,1.55779334123063,0.35135858100495,0.364875103253231,0.572903974025503,0.93139957839382,0.350103874316125,2.44608035848603,0.457674148697464,0.122851257041862,1.66947818977574,0.410968655442565,0.108990827829215,1.66943277512582,0.374284091388385,0.354999399346717,0.94198248099529,0.0547046297721432,0.128839374086937,0,143514.538978598,0.00209190359287007,65481090.2533626,1e-04,0,0.135648012161255,46.5852382183075,9,154,0,5,1539,"5_154_9",FALSE,TRUE,2,17.2945876083082
"176",0.587635231900632,0.433871105668251,0.272907759034002,1.45211621951496,0.723432354468162,0.288581959399136,0.551763530111085,0.76673783356531,0.370170090653409,2.94711752487505,0.396282052215456,0.154115768685767,2.8044352802633,0.810143170777544,0.296318662012941,1.31158136660944,0.381543554378102,0.350364197393992,0.942424903960672,0.0547942591798517,0.13103296286676,0,63817.1568729181,0.000874676568510147,65481090.2533626,1e-04,0,0.17643404006958,60.7644400596619,5,200,1,5,1995,"5_200_5",FALSE,TRUE,3,16.9105376123925
"177",0.587635231900632,0.433871105668251,0.272907759034002,1.45211621951496,0.723432354468162,0.288581959399136,0.517447694294279,0.99687020559126,0.375779289541215,2.7247462348371,0.411385942936902,0.169667770275885,2.92927299740017,0.938837671190265,0.192844561538374,1.31158136660944,0.381543554378102,0.350364197393992,0.942415791766962,0.0547985950488676,0.129658752376037,0,63817.1568729181,0.000874676568510147,65481090.2533626,1e-04,0,0.212012052536011,58.8263201713562,5,194,1,5,1935,"5_194_5",FALSE,TRUE,3,17.1456251623707
"178",0.587635231900632,0.433871105668251,0.272907759034002,1.45211621951496,0.723432354468162,0.288581959399136,0.517447694294279,0.99687020559126,0.375779289541215,2.7247462348371,0.411385942936902,0.206813163756408,2.59093986832395,0.978722281620391,0.202391985932187,1.31158136660944,0.381543554378102,0.350364197393992,0.942210325305828,0.0548962715478408,0.128586744521303,0,63817.156872923,0.00087467656851022,65481090.2533626,1e-04,0,0.12057089805603,56.9465720653534,5,188,1,5,1875,"5_188_5",FALSE,TRUE,2,17.3278332787145
"179",0.673864683785444,0.489678873321858,0.202804549607303,1.15257557056777,0.460844606218712,0.357509105314877,0.51482206109652,0.832862199145619,0.339357999026104,2.87634502039709,0.616359283604167,0.124767854323856,2.56669110712635,0.734350583863235,0.235601639670523,1.25967681585586,0.451472228395651,0.315827279787641,0.941795624229512,0.0550928883940687,0.113133093733961,0,53478.9764196892,0.000716780382990612,65481090.2533626,1e-04,0,0.13798999786377,56.6530480384827,3,187,1,5,1863,"5_187_3",FALSE,TRUE,1,20.5555478049987
"180",1.13170510165208,0.413268388323849,0.293936682935542,0.929864508569327,0.4624807045517,0.340020248207107,0.538196484544991,0.91297872190859,0.394711471781481,2.54004886961488,0.655978693956375,0.153268066435492,1.57915100350857,0.3240380120937,0.251281172695449,1.22105467918757,0.486163665859612,0.348614936597056,0.937130236899286,0.0569462877827951,0.0880559741458881,0,228720.133566624,0.0033932581621039,65481090.2533626,1e-04,0,0.176189184188843,58.7873232364655,1,194,0,5,1931,"5_194_1",FALSE,TRUE,3,28.7341543003561
