ds,tv_S,ooh_S,print_S,facebook_I,search_clicks_P,newsletter,type,solID
2015-11-23,167687.6,0,95463.6666666667,72903852.7125913,0,19401.6538461538,rawMedia,1_102_2
2015-11-30,214600.9,0,0,16581099.5453259,29511.7154573556,14791,rawMedia,1_102_2
2015-12-07,0,248022,3404,49954773.6704713,36132.358958479,14544,rawMedia,1_102_2
2015-12-14,625877.3,0,132600,31649297.028794,36804.2109583039,2800,rawMedia,1_102_2
2015-12-21,0,520005,0,8802269.47875135,28401.7440689961,15478,rawMedia,1_102_2
2015-12-28,249189.8,0,239417.333333333,49902081.1072813,38061.7759105633,13817,rawMedia,1_102_2
2016-01-04,5152.9,425163,0,41147695.8176496,36289.5137845771,28817,rawMedia,1_102_2
2016-01-11,22141.7,0,176859.666666667,56554690.6011959,34765.1089945226,19082,rawMedia,1_102_2
2016-01-18,0,0,0,35730563.6390355,28023.4815016389,19679,rawMedia,1_102_2
2016-01-25,0,0,84329.3333333333,31861260.5535892,21069.7392458096,15095,rawMedia,1_102_2
2016-02-01,123838.7,79645,0,0,28023.9772998262,9795,rawMedia,1_102_2
2016-02-08,0,0,35726.6666666667,34249657.5537999,21323.3319736086,10876,rawMedia,1_102_2
2016-02-15,497073.3,0,18363,15189759.0246453,0,19401.6538461538,rawMedia,1_102_2
2016-02-22,0,0,0,0,0,19401.6538461538,rawMedia,1_102_2
2016-02-29,311672.2,0,0,32458460.7268688,16067.6701187622,583,rawMedia,1_102_2
2016-03-07,0,0,123795.666666667,0,28877.3841721821,8224,rawMedia,1_102_2
2016-03-14,148293.3,82489,0,0,17065.2347626397,5311,rawMedia,1_102_2
2016-03-21,0,0,0,0,21110.4573525488,7428,rawMedia,1_102_2
2016-03-28,0,123916,101845.666666667,80241679.4620443,18271.1453880183,10025,rawMedia,1_102_2
2016-04-04,0,0,0,3439178.32292279,13909.6565939253,9460,rawMedia,1_102_2
2016-04-11,0,124526,0,0,13329.7718956368,2964,rawMedia,1_102_2
2016-04-18,83450.5,0,0,28249364.1045741,17090.7233280363,11663,rawMedia,1_102_2
2016-04-25,0,0,0,0,12314.6742164972,6317,rawMedia,1_102_2
2016-05-02,0,0,93889.3333333333,0,11055.0434847595,5408,rawMedia,1_102_2
2016-05-09,0,93671,0,0,13268.1427125586,1900,rawMedia,1_102_2
2016-05-16,0,0,0,50755966.7683567,0,19401.6538461538,rawMedia,1_102_2
2016-05-23,0,233330,0,0,0,19401.6538461538,rawMedia,1_102_2
2016-05-30,0,0,0,0,13697.3625576124,9003,rawMedia,1_102_2
2016-06-06,0,0,0,0,9330.99615876563,4305,rawMedia,1_102_2
2016-06-13,0,0,0,0,14439.943109639,7217,rawMedia,1_102_2
2016-06-20,153542.9,232328,0,33454960.6557654,13426.1853670003,1983,rawMedia,1_102_2
2016-06-27,0,0,0,0,11025.0915131764,3437,rawMedia,1_102_2
2016-07-04,75907.6,0,38763,0,13000.9753927588,4147,rawMedia,1_102_2
2016-07-11,0,0,0,0,17558.7421924574,8479,rawMedia,1_102_2
2016-07-18,14253.1,599331,35855,33729872.8687114,12646.6102778097,6348,rawMedia,1_102_2
2016-07-25,0,0,0,0,18869.8338730028,13762,rawMedia,1_102_2
2016-08-01,211351.9,307907,0,53605561.3881105,20555.155102862,11841,rawMedia,1_102_2
2016-08-08,0,0,6058.33333333333,0,21913.056334795,17162,rawMedia,1_102_2
2016-08-15,214730.1,0,0,15373941.6231327,0,19401.6538461538,rawMedia,1_102_2
2016-08-22,0,0,104848,11664166.5346404,0,19401.6538461538,rawMedia,1_102_2
2016-08-29,179933.7,299336,0,0,27453.5393575206,2453,rawMedia,1_102_2
2016-09-05,159463.8,164644,23110.3333333333,3879870.3646725,21811.126985494,3186,rawMedia,1_102_2
2016-09-12,0,300217,0,0,30396.4989346336,11247,rawMedia,1_102_2
2016-09-19,0,61302,191524.666666667,54564098.3619797,31697.6806069724,15280,rawMedia,1_102_2
2016-09-26,0,304454,0,0,22420.1181496028,2886,rawMedia,1_102_2
2016-10-03,1084024.8,228506,73598.6666666667,42679536.9426691,28940.1273785625,14067,rawMedia,1_102_2
2016-10-10,0,0,80428.3333333333,46050657.171974,37640.4867839068,24098,rawMedia,1_102_2
2016-10-17,610420.1,55867,0,61417892.420928,36705.0621011294,26550,rawMedia,1_102_2
2016-10-24,0,297961,70207.3333333333,63942540.2611415,31599.3953431025,17728,rawMedia,1_102_2
2016-10-31,704960.9,0,0,71765591.9360446,34659.9239814561,13989,rawMedia,1_102_2
2016-11-07,0,267379,86578.6666666667,64033311.3669239,42223.9926952869,29426,rawMedia,1_102_2
2016-11-14,392432.9,0,0,52199572.1605198,0,19401.6538461538,rawMedia,1_102_2
2016-11-21,52177.9,271909,54698,80485549.8926248,0,19401.6538461538,rawMedia,1_102_2
2016-11-28,0,0,31072,53736753.4976524,73955.9563237708,27941,rawMedia,1_102_2
2016-12-05,106908,448276,0,21469926.0322354,65123.9879303263,51273,rawMedia,1_102_2
2016-12-12,0,0,0,29472934.6021818,52768.8606138225,19606,rawMedia,1_102_2
2016-12-19,0,627975,0,14122124.6898919,47686.7842705688,4453,rawMedia,1_102_2
2016-12-26,807907.6,0,0,68537049.499028,77849.5859956718,559,rawMedia,1_102_2
2017-01-02,307907.6,850680,209986,58171140.2101937,58179.8415290192,46507,rawMedia,1_102_2
2017-01-09,0,0,0,58671678.0297663,63213.96521274,21771,rawMedia,1_102_2
2017-01-16,44349.7,0,11517.3333333333,56039474.6180184,61912.6340950141,35351,rawMedia,1_102_2
2017-01-23,0,0,80857.3333333333,86758062.4439567,61384.3735386268,13998,rawMedia,1_102_2
2017-01-30,301837.2,0,0,60054669.933808,68123.1128736865,27415,rawMedia,1_102_2
2017-02-06,0,0,0,0,44602.7678886778,4085,rawMedia,1_102_2
2017-02-13,0,239482,0,88205178.523459,0,19401.6538461538,rawMedia,1_102_2
2017-02-20,0,0,80182.6666666667,0,0,19401.6538461538,rawMedia,1_102_2
2017-02-27,0,0,0,142691898.236843,37539.2049168586,26556,rawMedia,1_102_2
2017-03-06,0,0,105208.333333333,0,46462.9932110896,12272,rawMedia,1_102_2
2017-03-13,77706.6,0,0,0,41198.0192044634,25992,rawMedia,1_102_2
2017-03-20,0,0,148903.666666667,0,29804.3185175164,22696,rawMedia,1_102_2
2017-03-27,0,45893,0,31147280.4197855,45902.2299264791,26404,rawMedia,1_102_2
2017-04-03,0,0,0,0,31975.8003692958,1245,rawMedia,1_102_2
2017-04-10,0,938178,0,0,25465.6486649765,1126,rawMedia,1_102_2
2017-04-17,56017.9,0,0,0,27251.5033966629,11966,rawMedia,1_102_2
2017-04-24,0,555290,0,0,26141.4614144713,17897,rawMedia,1_102_2
2017-05-01,274671.9,0,0,0,22180.0382538233,6052,rawMedia,1_102_2
2017-05-08,0,574399,0,0,18525.6157668773,9055,rawMedia,1_102_2
2017-05-15,0,0,0,0,0,19401.6538461538,rawMedia,1_102_2
2017-05-22,0,76887,0,46342101.0346245,0,19401.6538461538,rawMedia,1_102_2
2017-05-29,0,0,53810.3333333333,0,18580.0929101184,5778,rawMedia,1_102_2
2017-06-05,68441,79663,0,38495441.9203474,18758.7124304613,1988,rawMedia,1_102_2
2017-06-12,0,0,0,0,22062.2629647143,4794,rawMedia,1_102_2
2017-06-19,271947.6,0,0,3288608.26981708,26777.6025767438,5180,rawMedia,1_102_2
2017-06-26,0,297435,34945.6666666667,0,20789.3458186649,1048,rawMedia,1_102_2
2017-07-03,34205.7,0,71798,75117628.1836547,37944.4648875156,10977,rawMedia,1_102_2
2017-07-10,0,0,0,0,35559.57852297,6813,rawMedia,1_102_2
2017-07-17,73978.5,202840,187181.333333333,0,33056.51740256,2361,rawMedia,1_102_2
2017-07-24,0,0,0,0,34686.8114445359,15114,rawMedia,1_102_2
2017-07-31,85386.9,385200,10893.3333333333,0,38038.5555319372,10044,rawMedia,1_102_2
2017-08-07,0,196624,71004.3333333333,0,53676.1890052003,8930,rawMedia,1_102_2
2017-08-14,255352.9,0,0,0,0,19401.6538461538,rawMedia,1_102_2
2017-08-21,0,0,85111.3333333333,19322483.2131345,0,19401.6538461538,rawMedia,1_102_2
2017-08-28,884168.4,0,0,14227048.4859357,70335.0747198681,33712,rawMedia,1_102_2
2017-09-04,0,0,0,0,44809.8245683359,20000,rawMedia,1_102_2
2017-09-11,366519.5,281559,34577.6666666667,8110862.43322492,46999.408028496,2265,rawMedia,1_102_2
2017-09-18,0,0,0,0,55166.2694267929,15924,rawMedia,1_102_2
2017-09-25,627478.8,271057,0,31678562.482944,72998.5609077732,24336,rawMedia,1_102_2
2017-10-02,834783.4,109431,0,0,69679.8337596352,29510,rawMedia,1_102_2
2017-10-09,334783.4,613568,138787,58082600.284394,55293.3577954536,15458,rawMedia,1_102_2
2017-10-16,0,0,0,44812187.3033051,72764.8309726617,43966,rawMedia,1_102_2
2017-10-23,332703.8,86421,0,64280547.0084809,69347.5311740767,35016,rawMedia,1_102_2
2017-10-30,34839.2,0,0,67034964.424165,73130.1311748102,4749,rawMedia,1_102_2
2017-11-06,158617.6,597233,172799.333333333,39944030.3660624,78990.717115812,25943,rawMedia,1_102_2
2017-11-13,0,0,0,95672835.508679,0,19401.6538461538,rawMedia,1_102_2
2017-11-20,414205,197447,10095.6666666667,36587638.0554736,0,19401.6538461538,rawMedia,1_102_2
2017-11-27,0,0,72013.3333333333,35527833.911727,110717.903697491,41469,rawMedia,1_102_2
2017-12-04,216926.6,164704,0,22479813.6238963,91229.4187103398,16136,rawMedia,1_102_2
2017-12-11,0,0,0,31416253.7246704,81708.9871899691,37784,rawMedia,1_102_2
2017-12-18,478117.9,172203,0,14540176.2849391,97406.951926765,43251,rawMedia,1_102_2
2017-12-25,678117.9,0,112758.333333333,69049248.2164542,90029.6800429118,57523,rawMedia,1_102_2
2018-01-01,0,0,39687.6666666667,43210526.9236781,99917.8757320158,77617,rawMedia,1_102_2
2018-01-08,0,7401,0,66804744.2804219,101549.432734994,74527,rawMedia,1_102_2
2018-01-15,293169.3,0,116105,0,95898.9718822413,10394,rawMedia,1_102_2
2018-01-22,0,106521,145105.666666667,0,67393.7613605172,9740,rawMedia,1_102_2
2018-01-29,188769,0,0,0,76315.5359531636,13533,rawMedia,1_102_2
2018-02-05,0,0,35601,8899204.04320396,96828.8513237611,56102,rawMedia,1_102_2
2018-02-12,68739.1,101598,0,0,0,19401.6538461538,rawMedia,1_102_2
2018-02-19,0,0,47335.6666666667,0,0,19401.6538461538,rawMedia,1_102_2
2018-02-26,92670.8,105321,75021,0,75508.862257062,19325,rawMedia,1_102_2
2018-03-05,0,0,0,0,68384.0441960376,18078,rawMedia,1_102_2
2018-03-12,398401.9,169883,153651,0,54808.7357739452,8711,rawMedia,1_102_2
2018-03-19,0,0,0,0,53429.6932054916,12979,rawMedia,1_102_2
2018-03-26,148078.8,153591,22418.6666666667,0,44222.3702089861,23910,rawMedia,1_102_2
2018-04-02,0,0,0,0,55400.0398074277,10567,rawMedia,1_102_2
2018-04-09,0,21108,0,0,55494.3615718628,41329,rawMedia,1_102_2
2018-04-16,0,0,0,21011312.2800328,50425.5652597756,21616,rawMedia,1_102_2
2018-04-23,0,296913,0,0,36824.0709337872,2529,rawMedia,1_102_2
2018-04-30,0,0,0,145985945.052684,28654.6271698549,6836,rawMedia,1_102_2
2018-05-07,0,111889,0,0,45582.2769385064,330,rawMedia,1_102_2
2018-05-14,0,0,51027.3333333333,145131039.850826,0,19401.6538461538,rawMedia,1_102_2
2018-05-21,7103.3,49291,0,0,0,19401.6538461538,rawMedia,1_102_2
2018-05-28,0,0,31540.6666666667,14870672.2380059,37990.5313677155,28568,rawMedia,1_102_2
2018-06-04,0,0,0,0,48237.866062019,26708,rawMedia,1_102_2
2018-06-11,62360.1,0,40685,0,31886.2197190407,7675,rawMedia,1_102_2
2018-06-18,0,32743,0,0,48085.8936119825,23355,rawMedia,1_102_2
2018-06-25,0,0,77881,39206418.5757693,39747.6970095187,16989,rawMedia,1_102_2
2018-07-02,109664.6,315190,0,0,31870.3571395949,14653,rawMedia,1_102_2
2018-07-09,0,0,86159.3333333333,102710071.745579,43367.5222745631,15143,rawMedia,1_102_2
2018-07-16,66418.4,111596,0,0,45860.1295919507,9013,rawMedia,1_102_2
2018-07-23,72966.7,0,38795,0,47370.3686917201,22477,rawMedia,1_102_2
2018-07-30,0,0,0,0,77832.9975726083,8906,rawMedia,1_102_2
2018-08-06,97811.2,173577,54001,0,76885.4765508091,59318,rawMedia,1_102_2
2018-08-13,0,0,0,54622076.0975545,0,19401.6538461538,rawMedia,1_102_2
2018-08-20,461723.4,199560,0,0,0,19401.6538461538,rawMedia,1_102_2
2018-08-27,0,0,0,43864423.4544594,82233.5245184368,48020,rawMedia,1_102_2
2018-09-03,87460.6,127900,5793.33333333333,0,93587.085595727,70855,rawMedia,1_102_2
2018-09-10,0,0,4020,0,90903.0514674727,46225,rawMedia,1_102_2
2018-09-17,0,86476,72638,41405945.3421831,94015.6888773199,74995,rawMedia,1_102_2
2018-09-24,6659.5,54975,0,0,96795.503829699,1047,rawMedia,1_102_2
2018-10-01,1175275.8,49176,20238.3333333333,11394121.8209777,106126.994738053,34469,rawMedia,1_102_2
2018-10-08,0,0,19423.6666666667,20322166.6378081,109267.152263969,22232,rawMedia,1_102_2
2018-10-15,333671.4,118326,7793.33333333333,35763073.0249146,91340.1751276106,49409,rawMedia,1_102_2
2018-10-22,0,0,0,0,97560.5653738603,49575,rawMedia,1_102_2
2018-10-29,189674.8,0,15961,91549168.7893118,122740.647742513,42276,rawMedia,1_102_2
2018-11-05,0,272610,10916.3333333333,0,118564.717831719,25332,rawMedia,1_102_2
2018-11-12,430131.9,0,0,117062263.807058,0,19401.6538461538,rawMedia,1_102_2
2018-11-19,0,88225,0,0,0,19401.6538461538,rawMedia,1_102_2
2018-11-26,401439,0,113471,65751650.8720504,156564.384643268,301,rawMedia,1_102_2
2018-12-03,0,100423,0,0,114123.514524079,34832,rawMedia,1_102_2
2018-12-10,0,0,47120,0,151823.007320345,68792,rawMedia,1_102_2
2018-12-17,0,28807,0,0,114071.928355144,37199,rawMedia,1_102_2
2018-12-24,1185349.3,0,55889.6666666667,96601553.4034517,150402.982508403,80865,rawMedia,1_102_2
2018-12-31,385349.3,0,0,0,104634.475661954,54011,rawMedia,1_102_2
2019-01-07,0,618,6777,19817822.402767,121001.5988881,96236,rawMedia,1_102_2
2019-01-14,86879.8,0,5513.33333333333,0,111908.358826267,80627,rawMedia,1_102_2
2019-01-21,0,51141,21901.6666666667,31145830.8214119,117177.888404019,629,rawMedia,1_102_2
2019-01-28,237573,0,0,0,118231.102502625,19984,rawMedia,1_102_2
2019-02-04,0,0,32040.3333333333,0,141999.14495789,55736,rawMedia,1_102_2
2019-02-11,95421.3,0,8939.33333333333,24004461.6457822,0,19401.6538461538,rawMedia,1_102_2
2019-02-18,0,0,3762.66666666667,0,0,19401.6538461538,rawMedia,1_102_2
2019-02-25,135907.2,57906,4843.66666666667,1532956.80029679,88530.3940853686,46243,rawMedia,1_102_2
2019-03-04,0,0,0,0,74092.1597032109,36979,rawMedia,1_102_2
2019-03-11,41177.4,0,0,0,82059.7834656947,23990,rawMedia,1_102_2
2019-03-18,0,0,0,83179409.7629757,55251.9175169058,16046,rawMedia,1_102_2
2019-03-25,26125.4,10810,0,0,70906.0407303274,28980,rawMedia,1_102_2
2019-04-01,0,0,0,35494120.2503475,73888.3865262265,7453,rawMedia,1_102_2
2019-04-08,359173.6,3857,0,0,67424.7476038523,37507,rawMedia,1_102_2
2019-04-15,0,0,22471.6666666667,0,65246.2457488291,43718,rawMedia,1_102_2
2019-04-22,36588,0,0,19361443.7325485,51481.4598927391,1167,rawMedia,1_102_2
2019-04-29,0,0,93494.3333333333,31687579.0119844,55800.883550942,1546,rawMedia,1_102_2
2019-05-06,27719.2,0,0,0,56108.4685251117,34861,rawMedia,1_102_2
2019-05-13,0,0,15928,65207240.8248195,0,19401.6538461538,rawMedia,1_102_2
2019-05-20,219302.9,10817,28421.6666666667,0,0,19401.6538461538,rawMedia,1_102_2
2019-05-27,0,6877,0,0,40124.0952768712,21000,rawMedia,1_102_2
2019-06-03,0,0,10439.3333333333,0,54839.6903624525,19903,rawMedia,1_102_2
2019-06-10,0,0,0,3909308.61749337,30502.6915288298,8031,rawMedia,1_102_2
2019-06-17,0,0,0,0,36154.6542802826,20173,rawMedia,1_102_2
2019-06-24,46203.6,0,0,0,48423.8619139418,26938,rawMedia,1_102_2
2019-07-01,0,0,0,0,48153.03818963,8713,rawMedia,1_102_2
2019-07-08,39527.7,0,0,0,45335.2228242904,17384,rawMedia,1_102_2
2019-07-15,0,124622,0,0,76716.4668024285,4153,rawMedia,1_102_2
2019-07-22,90371.3,0,0,29956231.0561007,77347.9166491889,25861,rawMedia,1_102_2
2019-07-29,0,72061,0,0,75327.0770969219,1820,rawMedia,1_102_2
2019-08-05,97574.8,0,0,178298272.914578,104317.933903763,40473,rawMedia,1_102_2
2019-08-12,0,63650,0,0,0,19401.6538461538,rawMedia,1_102_2
2019-08-19,0,0,24152,98316054.5946602,0,19401.6538461538,rawMedia,1_102_2
2019-08-26,0,72229,0,0,113575.402136485,48083,rawMedia,1_102_2
2019-09-02,1698.1,0,102983.666666667,40745397.7592359,117697.775200114,34061,rawMedia,1_102_2
2019-09-09,369508.5,7959,0,0,137929.668313847,31325,rawMedia,1_102_2
2019-09-16,0,21491,109532.333333333,18984811.7007357,155722.986344923,70417,rawMedia,1_102_2
2019-09-23,208627.1,0,0,0,145612.54134248,50905,rawMedia,1_102_2
2019-09-30,0,58979,147067,0,129677.555932966,79428,rawMedia,1_102_2
2019-10-07,144479.6,0,0,141452747.101691,127530.226540496,58284,rawMedia,1_102_2
2019-10-14,0,60433,153723.666666667,0,152840.323412162,28157,rawMedia,1_102_2
2019-10-21,154917.6,0,0,56881962.2352079,103680.047820637,10644,rawMedia,1_102_2
2019-10-28,21982.5,14094,17476,0,138387.704137643,9597,rawMedia,1_102_2
2019-11-04,22453,0,24051.3333333333,0,151707.990462205,90189,rawMedia,1_102_2
2019-11-11,0,0,0,127981119.765239,0,19401.6538461538,rawMedia,1_102_2
2015-11-23,167687.6,0,95463.6666666667,228213.987444138,0,,rawSpend,1_102_2
2015-11-30,214600.9,0,0,34258.5735106246,31000,,rawSpend,1_102_2
2015-12-07,0,248022,3404,127691.261334797,28400,,rawSpend,1_102_2
2015-12-14,625877.3,0,132600,84014.7203055314,31900,,rawSpend,1_102_2
2015-12-21,0,520005,0,20687.4781557608,27100,,rawSpend,1_102_2
2015-12-28,249189.8,0,239417.333333333,160110.155202057,28300,,rawSpend,1_102_2
2016-01-04,5152.9,425163,0,108690.36698611,27800,,rawSpend,1_102_2
2016-01-11,22141.7,0,176859.666666667,123894.484594755,32000,,rawSpend,1_102_2
2016-01-18,0,0,0,108690.36698611,22900,,rawSpend,1_102_2
2016-01-25,0,0,84329.3333333333,90080.7175523908,22900,,rawSpend,1_102_2
2016-02-01,123838.7,79645,0,0,20600,,rawSpend,1_102_2
2016-02-08,0,0,35726.6666666667,106931.465933599,20200,,rawSpend,1_102_2
2016-02-15,497073.3,0,18363,43457.9322069274,0,,rawSpend,1_102_2
2016-02-22,0,0,0,0,0,,rawSpend,1_102_2
2016-02-29,311672.2,0,0,72467.8921194176,17200,,rawSpend,1_102_2
2016-03-07,0,0,123795.666666667,0,21200,,rawSpend,1_102_2
2016-03-14,148293.3,82489,0,0,17800,,rawSpend,1_102_2
2016-03-21,0,0,0,0,17200,,rawSpend,1_102_2
2016-03-28,0,123916,101845.666666667,194131.452155839,19000,,rawSpend,1_102_2
2016-04-04,0,0,0,625.119342115275,14300,,rawSpend,1_102_2
2016-04-11,0,124526,0,0,14000,,rawSpend,1_102_2
2016-04-18,83450.5,0,0,70460.6355991445,13400,,rawSpend,1_102_2
2016-04-25,0,0,0,0,13500,,rawSpend,1_102_2
2016-05-02,0,0,93889.3333333333,0,9500,,rawSpend,1_102_2
2016-05-09,0,93671,0,0,10700,,rawSpend,1_102_2
2016-05-16,0,0,0,110217.923219335,0,,rawSpend,1_102_2
2016-05-23,0,233330,0,0,0,,rawSpend,1_102_2
2016-05-30,0,0,0,0,10100,,rawSpend,1_102_2
2016-06-06,0,0,0,0,9000,,rawSpend,1_102_2
2016-06-13,0,0,0,0,11400,,rawSpend,1_102_2
2016-06-20,153542.9,232328,0,76594.6754399115,12200,,rawSpend,1_102_2
2016-06-27,0,0,0,0,11300,,rawSpend,1_102_2
2016-07-04,75907.6,0,38763,0,13100,,rawSpend,1_102_2
2016-07-11,0,0,0,0,14300,,rawSpend,1_102_2
2016-07-18,14253.1,599331,35855,106584.448704671,10700,,rawSpend,1_102_2
2016-07-25,0,0,0,0,14600,,rawSpend,1_102_2
2016-08-01,211351.9,307907,0,153060.942473233,17100,,rawSpend,1_102_2
2016-08-08,0,0,6058.33333333333,0,19000,,rawSpend,1_102_2
2016-08-15,214730.1,0,0,30356.3307500258,0,,rawSpend,1_102_2
2016-08-22,0,0,104848,19255.1815540065,0,,rawSpend,1_102_2
2016-08-29,179933.7,299336,0,0,23100,,rawSpend,1_102_2
2016-09-05,159463.8,164644,23110.3333333333,1883.90732940523,23800,,rawSpend,1_102_2
2016-09-12,0,300217,0,0,25000,,rawSpend,1_102_2
2016-09-19,0,61302,191524.666666667,136128.542979335,25500,,rawSpend,1_102_2
2016-09-26,0,304454,0,0,22300,,rawSpend,1_102_2
2016-10-03,1084024.8,228506,73598.6666666667,94415.0307843027,25300,,rawSpend,1_102_2
2016-10-10,0,0,80428.3333333333,108425.00086987,29900,,rawSpend,1_102_2
2016-10-17,610420.1,55867,0,159732.51880587,27900,,rawSpend,1_102_2
2016-10-24,0,297961,70207.3333333333,175977.688101301,30600,,rawSpend,1_102_2
2016-10-31,704960.9,0,0,192222.857396732,36700,,rawSpend,1_102_2
2016-11-07,0,267379,86578.6666666667,208648.339566018,31200,,rawSpend,1_102_2
2016-11-14,392432.9,0,0,159960.46149546,0,,rawSpend,1_102_2
2016-11-21,52177.9,271909,54698,200462.815518938,0,,rawSpend,1_102_2
2016-11-28,0,0,31072,141956.391147518,71500,,rawSpend,1_102_2
2016-12-05,106908,448276,0,49694.0359385557,63000,,rawSpend,1_102_2
2016-12-12,0,0,0,90910.8371980631,55100,,rawSpend,1_102_2
2016-12-19,0,627975,0,30356.3307500258,51700,,rawSpend,1_102_2
2016-12-26,807907.6,0,0,216796.440186449,58000,,rawSpend,1_102_2
2017-01-02,307907.6,850680,209986,128436.327738085,55300,,rawSpend,1_102_2
2017-01-09,0,0,0,164189.308706815,53100,,rawSpend,1_102_2
2017-01-16,44349.7,0,11517.3333333333,179631.575394137,50300,,rawSpend,1_102_2
2017-01-23,0,0,80857.3333333333,195073.842081459,52500,,rawSpend,1_102_2
2017-01-30,301837.2,0,0,128419.317089608,54200,,rawSpend,1_102_2
2017-02-06,0,0,0,0,41900,,rawSpend,1_102_2
2017-02-13,0,239482,0,247813.656619212,0,,rawSpend,1_102_2
2017-02-20,0,0,80182.6666666667,0,0,,rawSpend,1_102_2
2017-02-27,0,0,0,417018.577018849,33800,,rawSpend,1_102_2
2017-03-06,0,0,105208.333333333,0,35000,,rawSpend,1_102_2
2017-03-13,77706.6,0,0,0,31600,,rawSpend,1_102_2
2017-03-20,0,0,148903.666666667,0,28300,,rawSpend,1_102_2
2017-03-27,0,45893,0,78476.0531614557,36000,,rawSpend,1_102_2
2017-04-03,0,0,0,0,34200,,rawSpend,1_102_2
2017-04-10,0,938178,0,0,27500,,rawSpend,1_102_2
2017-04-17,56017.9,0,0,0,26600,,rawSpend,1_102_2
2017-04-24,0,555290,0,0,24500,,rawSpend,1_102_2
2017-05-01,274671.9,0,0,0,19500,,rawSpend,1_102_2
2017-05-08,0,574399,0,0,20100,,rawSpend,1_102_2
2017-05-15,0,0,0,0,0,,rawSpend,1_102_2
2017-05-22,0,76887,0,119356.043581121,0,,rawSpend,1_102_2
2017-05-29,0,0,53810.3333333333,0,16300,,rawSpend,1_102_2
2017-06-05,68441,79663,0,92761.5957523489,20100,,rawSpend,1_102_2
2017-06-12,0,0,0,0,16700,,rawSpend,1_102_2
2017-06-19,271947.6,0,0,938.115274090074,23800,,rawSpend,1_102_2
2017-06-26,0,297435,34945.6666666667,0,20000,,rawSpend,1_102_2
2017-07-03,34205.7,0,71798,199503.414944841,28400,,rawSpend,1_102_2
2017-07-10,0,0,0,0,27900,,rawSpend,1_102_2
2017-07-17,73978.5,202840,187181.333333333,0,28900,,rawSpend,1_102_2
2017-07-24,0,0,0,0,29000,,rawSpend,1_102_2
2017-07-31,85386.9,385200,10893.3333333333,0,34000,,rawSpend,1_102_2
2017-08-07,0,196624,71004.3333333333,0,40200,,rawSpend,1_102_2
2017-08-14,255352.9,0,0,0,0,,rawSpend,1_102_2
2017-08-21,0,0,85111.3333333333,40280.3430714441,0,,rawSpend,1_102_2
2017-08-28,884168.4,0,0,26967.809573429,52500,,rawSpend,1_102_2
2017-09-04,0,0,0,0,48700,,rawSpend,1_102_2
2017-09-11,366519.5,281559,34577.6666666667,18653.0045979246,41900,,rawSpend,1_102_2
2017-09-18,0,0,0,0,48300,,rawSpend,1_102_2
2017-09-25,627478.8,271057,0,75870.0218147959,57300,,rawSpend,1_102_2
2017-10-02,834783.4,109431,0,0,55100,,rawSpend,1_102_2
2017-10-09,334783.4,613568,138787,160457.172430985,60100,,rawSpend,1_102_2
2017-10-16,0,0,0,125711.221852087,56900,,rawSpend,1_102_2
2017-10-23,332703.8,86421,0,141956.391147518,59400,,rawSpend,1_102_2
2017-10-30,34839.2,0,0,158201.560442949,63500,,rawSpend,1_102_2
2017-11-06,158617.6,597233,172799.333333333,106584.448704671,73700,,rawSpend,1_102_2
2017-11-13,0,0,0,228003.055403025,0,,rawSpend,1_102_2
2017-11-20,414205,197447,10095.6666666667,98398.9246575906,0,,rawSpend,1_102_2
2017-11-27,0,0,72013.3333333333,73913.7972399534,112600,,rawSpend,1_102_2
2017-12-04,216926.6,164704,0,49694.0359385557,95500,,rawSpend,1_102_2
2017-12-11,0,0,0,90910.8371980631,83400,,rawSpend,1_102_2
2017-12-18,478117.9,172203,0,30356.3307500258,87500,,rawSpend,1_102_2
2017-12-25,678117.9,0,112758.333333333,216796.440186449,75600,,rawSpend,1_102_2
2018-01-01,0,0,39687.6666666667,128436.327738085,79900,,rawSpend,1_102_2
2018-01-08,0,7401,0,164189.308706815,81300,,rawSpend,1_102_2
2018-01-15,293169.3,0,116105,0,75600,,rawSpend,1_102_2
2018-01-22,0,106521,145105.666666667,0,69200,,rawSpend,1_102_2
2018-01-29,188769,0,0,0,67200,,rawSpend,1_102_2
2018-02-05,0,0,35601,14189.4104375883,79600,,rawSpend,1_102_2
2018-02-12,68739.1,101598,0,0,0,,rawSpend,1_102_2
2018-02-19,0,0,47335.6666666667,0,0,,rawSpend,1_102_2
2018-02-26,92670.8,105321,75021,0,55600,,rawSpend,1_102_2
2018-03-05,0,0,0,0,55200,,rawSpend,1_102_2
2018-03-12,398401.9,169883,153651,0,53100,,rawSpend,1_102_2
2018-03-19,0,0,0,0,44700,,rawSpend,1_102_2
2018-03-26,148078.8,153591,22418.6666666667,0,47500,,rawSpend,1_102_2
2018-04-02,0,0,0,0,41400,,rawSpend,1_102_2
2018-04-09,0,21108,0,0,44800,,rawSpend,1_102_2
2018-04-16,0,0,0,63397.8143515393,37300,,rawSpend,1_102_2
2018-04-23,0,296913,0,0,27700,,rawSpend,1_102_2
2018-04-30,0,0,0,384017.91897368,23800,,rawSpend,1_102_2
2018-05-07,0,111889,0,0,35400,,rawSpend,1_102_2
2018-05-14,0,0,51027.3333333333,391213.423279405,0,,rawSpend,1_102_2
2018-05-21,7103.3,49291,0,0,0,,rawSpend,1_102_2
2018-05-28,0,0,31540.6666666667,30271.2775076413,34800,,rawSpend,1_102_2
2018-06-04,0,0,0,0,35400,,rawSpend,1_102_2
2018-06-11,62360.1,0,40685,0,34000,,rawSpend,1_102_2
2018-06-18,0,32743,0,0,40600,,rawSpend,1_102_2
2018-06-25,0,0,77881,112708.282156352,38700,,rawSpend,1_102_2
2018-07-02,109664.6,315190,0,0,29500,,rawSpend,1_102_2
2018-07-09,0,0,86159.3333333333,242394.064014475,38900,,rawSpend,1_102_2
2018-07-16,66418.4,111596,0,0,38600,,rawSpend,1_102_2
2018-07-23,72966.7,0,38795,0,51900,,rawSpend,1_102_2
2018-07-30,0,0,0,0,58100,,rawSpend,1_102_2
2018-08-06,97811.2,173577,54001,0,65800,,rawSpend,1_102_2
2018-08-13,0,0,0,133522.511632676,0,,rawSpend,1_102_2
2018-08-20,461723.4,199560,0,0,0,,rawSpend,1_102_2
2018-08-27,0,0,0,135254.195647623,64400,,rawSpend,1_102_2
2018-09-03,87460.6,127900,5793.33333333333,0,73000,,rawSpend,1_102_2
2018-09-10,0,0,4020,0,78800,,rawSpend,1_102_2
2018-09-17,0,86476,72638,102086.833247381,70200,,rawSpend,1_102_2
2018-09-24,6659.5,54975,0,0,81700,,rawSpend,1_102_2
2018-10-01,1175275.8,49176,20238.3333333333,27505.3460652988,92600,,rawSpend,1_102_2
2018-10-08,0,0,19423.6666666667,60475.3849432094,86200,,rawSpend,1_102_2
2018-10-15,333671.4,118326,7793.33333333333,73277.5989869177,95700,,rawSpend,1_102_2
2018-10-22,0,0,0,0,101200,,rawSpend,1_102_2
2018-10-29,189674.8,0,15961,237954.284762006,103500,,rawSpend,1_102_2
2018-11-05,0,272610,10916.3333333333,0,105400,,rawSpend,1_102_2
2018-11-12,430131.9,0,0,261854.245872038,0,,rawSpend,1_102_2
2018-11-19,0,88225,0,0,0,,rawSpend,1_102_2
2018-11-26,401439,0,113471,210107.853205335,120000,,rawSpend,1_102_2
2018-12-03,0,100423,0,0,104900,,rawSpend,1_102_2
2018-12-10,0,0,47120,0,118300,,rawSpend,1_102_2
2018-12-17,0,28807,0,0,116600,,rawSpend,1_102_2
2018-12-24,1185349.3,0,55889.6666666667,272040.222180001,128600,,rawSpend,1_102_2
2018-12-31,385349.3,0,0,0,108700,,rawSpend,1_102_2
2019-01-07,0,618,6777,44274.4433338182,127700,,rawSpend,1_102_2
2019-01-14,86879.8,0,5513.33333333333,0,122200,,rawSpend,1_102_2
2019-01-21,0,51141,21901.6666666667,85845.0660816449,103600,,rawSpend,1_102_2
2019-01-28,237573,0,0,0,114000,,rawSpend,1_102_2
2019-02-04,0,0,32040.3333333333,0,104400,,rawSpend,1_102_2
2019-02-11,95421.3,0,8939.33333333333,63309.3589794594,0,,rawSpend,1_102_2
2019-02-18,0,0,3762.66666666667,0,0,,rawSpend,1_102_2
2019-02-25,135907.2,57906,4843.66666666667,0,91400,,rawSpend,1_102_2
2019-03-04,0,0,0,0,74600,,rawSpend,1_102_2
2019-03-11,41177.4,0,0,0,67800,,rawSpend,1_102_2
2019-03-18,0,0,0,183622.273526816,53700,,rawSpend,1_102_2
2019-03-25,26125.4,10810,0,0,59800,,rawSpend,1_102_2
2019-04-01,0,0,0,99259.6634705213,59100,,rawSpend,1_102_2
2019-04-08,359173.6,3857,0,0,55900,,rawSpend,1_102_2
2019-04-15,0,0,22471.6666666667,0,48000,,rawSpend,1_102_2
2019-04-22,36588,0,0,47907.9178484821,47000,,rawSpend,1_102_2
2019-04-29,0,0,93494.3333333333,75393.723657443,42200,,rawSpend,1_102_2
2019-05-06,27719.2,0,0,0,54600,,rawSpend,1_102_2
2019-05-13,0,0,15928,193651.751868791,0,,rawSpend,1_102_2
2019-05-20,219302.9,10817,28421.6666666667,0,0,,rawSpend,1_102_2
2019-05-27,0,6877,0,0,39100,,rawSpend,1_102_2
2019-06-03,0,0,10439.3333333333,0,46500,,rawSpend,1_102_2
2019-06-10,0,0,0,1485.85815504597,31100,,rawSpend,1_102_2
2019-06-17,0,0,0,0,36100,,rawSpend,1_102_2
2019-06-24,46203.6,0,0,0,37000,,rawSpend,1_102_2
2019-07-01,0,0,0,0,47900,,rawSpend,1_102_2
2019-07-08,39527.7,0,0,0,46000,,rawSpend,1_102_2
2019-07-15,0,124622,0,0,57900,,rawSpend,1_102_2
2019-07-22,90371.3,0,0,85804.2405253004,63900,,rawSpend,1_102_2
2019-07-29,0,72061,0,0,71400,,rawSpend,1_102_2
2019-08-05,97574.8,0,0,462011.742240227,81100,,rawSpend,1_102_2
2019-08-12,0,63650,0,0,0,,rawSpend,1_102_2
2019-08-19,0,0,24152,292347.534331714,0,,rawSpend,1_102_2
2019-08-26,0,72229,0,0,97400,,rawSpend,1_102_2
2019-09-02,1698.1,0,102983.666666667,121138.759541499,96000,,rawSpend,1_102_2
2019-09-09,369508.5,7959,0,0,103200,,rawSpend,1_102_2
2019-09-16,0,21491,109532.333333333,39926.5215831248,120700,,rawSpend,1_102_2
2019-09-23,208627.1,0,0,0,115700,,rawSpend,1_102_2
2019-09-30,0,58979,147067,0,110100,,rawSpend,1_102_2
2019-10-07,144479.6,0,0,415793.810328513,115100,,rawSpend,1_102_2
2019-10-14,0,60433,153723.666666667,0,112100,,rawSpend,1_102_2
2019-10-21,154917.6,0,0,133624.575523537,103700,,rawSpend,1_102_2
2019-10-28,21982.5,14094,17476,0,114700,,rawSpend,1_102_2
2019-11-04,22453,0,24051.3333333333,0,134100,,rawSpend,1_102_2
2019-11-11,0,0,0,366190.759369898,0,,rawSpend,1_102_2
2016-11-21,52177.9,271909,54698,75405385.8991875,0,,predictedExposure,1_102_2
2016-11-28,0,0,31072,53397815.5880154,80915.6840761403,,predictedExposure,1_102_2
2016-12-05,106908,448276,0,18692733.3487486,71296.3370181376,,predictedExposure,1_102_2
2016-12-12,0,0,0,34196699.9894329,62356.002693641,,predictedExposure,1_102_2
2016-12-19,0,627975,0,11418730.3453933,58508.2638704399,,predictedExposure,1_102_2
2016-12-26,807907.6,0,0,81549384.5654628,65637.8975722537,,predictedExposure,1_102_2
2017-01-02,307907.6,850680,209986,48312156.2045998,62582.3402714763,,predictedExposure,1_102_2
2017-01-09,0,0,0,61760871.4688963,60092.6269152874,,predictedExposure,1_102_2
2017-01-16,44349.7,0,11517.3333333333,67569580.0600698,56923.9008255924,,predictedExposure,1_102_2
2017-01-23,0,0,80857.3333333333,73378288.6512433,59413.6141817813,,predictedExposure,1_102_2
2017-01-30,301837.2,0,0,48305757.5390444,61337.4835933819,,predictedExposure,1_102_2
2017-02-06,0,0,0,0,47417.7225565074,,predictedExposure,1_102_2
2017-02-13,0,239482,0,93216711.3391415,0,,predictedExposure,1_102_2
2017-02-20,0,0,80182.6666666667,0,0,,predictedExposure,1_102_2
2017-02-27,0,0,0,156864237.618501,38251.0506541754,,predictedExposure,1_102_2
2017-03-06,0,0,105208.333333333,0,39609.0761211876,,predictedExposure,1_102_2
2017-03-13,77706.6,0,0,0,35761.3372979865,,predictedExposure,1_102_2
2017-03-20,0,0,148903.666666667,0,32026.7672637031,,predictedExposure,1_102_2
2017-03-27,0,45893,0,29519275.4684506,40740.7640103643,,predictedExposure,1_102_2
2017-04-03,0,0,0,0,38703.7258098461,,predictedExposure,1_102_2
2017-04-10,0,938178,0,0,31121.4169523617,,predictedExposure,1_102_2
2017-04-17,56017.9,0,0,0,30102.8978521025,,predictedExposure,1_102_2
2017-04-24,0,555290,0,0,27726.3532848313,,predictedExposure,1_102_2
2017-05-01,274671.9,0,0,0,22067.9138389474,,predictedExposure,1_102_2
2017-05-08,0,574399,0,0,22746.9265724534,,predictedExposure,1_102_2
2017-05-15,0,0,0,0,0,,predictedExposure,1_102_2
2017-05-22,0,76887,0,44896548.5311385,0,,predictedExposure,1_102_2
2017-05-29,0,0,53810.3333333333,0,18446.5125935816,,predictedExposure,1_102_2
2017-06-05,68441,79663,0,34892874.8018582,22746.9265724534,,predictedExposure,1_102_2
2017-06-12,0,0,0,0,18899.1877492523,,predictedExposure,1_102_2
2017-06-19,271947.6,0,0,352878.13392006,26934.1717624075,,predictedExposure,1_102_2
2017-06-26,0,297435,34945.6666666667,0,22633.7577835357,,predictedExposure,1_102_2
2017-07-03,34205.7,0,71798,75044501.1618639,32139.9360526208,,predictedExposure,1_102_2
2017-07-10,0,0,0,0,31574.0921080324,,predictedExposure,1_102_2
2017-07-17,73978.5,202840,187181.333333333,0,32705.7799972092,,predictedExposure,1_102_2
2017-07-24,0,0,0,0,32818.9487861268,,predictedExposure,1_102_2
2017-07-31,85386.9,385200,10893.3333333333,0,38477.3882320108,,predictedExposure,1_102_2
2017-08-07,0,196624,71004.3333333333,0,45493.8531449069,,predictedExposure,1_102_2
2017-08-14,255352.9,0,0,0,0,,predictedExposure,1_102_2
2017-08-21,0,0,85111.3333333333,15151711.8304016,0,,predictedExposure,1_102_2
2017-08-28,884168.4,0,0,10144116.1667616,59413.6141817813,,predictedExposure,1_102_2
2017-09-04,0,0,0,0,55113.2002029095,,predictedExposure,1_102_2
2017-09-11,366519.5,281559,34577.6666666667,7016448.44329219,47417.7225565074,,predictedExposure,1_102_2
2017-09-18,0,0,0,0,54660.5250472388,,predictedExposure,1_102_2
2017-09-25,627478.8,271057,0,28538999.9053664,64845.7160498299,,predictedExposure,1_102_2
2017-10-02,834783.4,109431,0,0,62356.002693641,,predictedExposure,1_102_2
2017-10-09,334783.4,613568,138787,60357004.2460461,68014.4421395249,,predictedExposure,1_102_2
2017-10-16,0,0,0,47287089.982628,64393.0408941592,,predictedExposure,1_102_2
2017-10-23,332703.8,86421,0,53397815.5880154,67222.2606171012,,predictedExposure,1_102_2
2017-10-30,34839.2,0,0,59508541.1934027,71862.180962726,,predictedExposure,1_102_2
2017-11-06,158617.6,597233,172799.333333333,40092430.4321596,83405.3974323292,,predictedExposure,1_102_2
2017-11-13,0,0,0,85764825.4333468,0,,predictedExposure,1_102_2
2017-11-20,414205,197447,10095.6666666667,37013392.5669109,0,,predictedExposure,1_102_2
2017-11-27,0,0,72013.3333333333,27803153.3664978,127428.056321306,,predictedExposure,1_102_2
2017-12-04,216926.6,164704,0,18692733.3487486,108076.193416383,,predictedExposure,1_102_2
2017-12-11,0,0,0,34196699.9894329,94382.7699573441,,predictedExposure,1_102_2
2017-12-18,478117.9,172203,0,11418730.3453933,99022.6903029689,,predictedExposure,1_102_2
2017-12-25,678117.9,0,112758.333333333,81549384.5654628,85555.6044217651,,predictedExposure,1_102_2
2018-01-01,0,0,39687.6666666667,48312156.2045998,90421.8623452253,,predictedExposure,1_102_2
2018-01-08,0,7401,0,61760871.4688963,92006.2253900728,,predictedExposure,1_102_2
2018-01-15,293169.3,0,116105,0,85555.6044217651,,predictedExposure,1_102_2
2018-01-22,0,106521,145105.666666667,0,78312.8019310337,,predictedExposure,1_102_2
2018-01-29,188769,0,0,0,76049.4261526801,,predictedExposure,1_102_2
2018-02-05,0,0,35601,5337438.60156062,90082.3559784723,,predictedExposure,1_102_2
2018-02-12,68739.1,101598,0,0,0,,predictedExposure,1_102_2
2018-02-19,0,0,47335.6666666667,0,0,,predictedExposure,1_102_2
2018-02-26,92670.8,105321,75021,0,62921.8466382294,,predictedExposure,1_102_2
2018-03-05,0,0,0,0,62469.1714825587,,predictedExposure,1_102_2
2018-03-12,398401.9,169883,153651,0,60092.6269152874,,predictedExposure,1_102_2
2018-03-19,0,0,0,0,50586.4486462024,,predictedExposure,1_102_2
2018-03-26,148078.8,153591,22418.6666666667,0,53755.1747358974,,predictedExposure,1_102_2
2018-04-02,0,0,0,0,46851.878611919,,predictedExposure,1_102_2
2018-04-09,0,21108,0,0,50699.6174351201,,predictedExposure,1_102_2
2018-04-16,0,0,0,23847498.3201622,42211.9582662942,,predictedExposure,1_102_2
2018-04-23,0,296913,0,0,31347.754530197,,predictedExposure,1_102_2
2018-04-30,0,0,0,144450826.441064,26934.1717624075,,predictedExposure,1_102_2
2018-05-07,0,111889,0,0,40061.7512768583,,predictedExposure,1_102_2
2018-05-14,0,0,51027.3333333333,147157461.97099,0,,predictedExposure,1_102_2
2018-05-21,7103.3,49291,0,0,0,,predictedExposure,1_102_2
2018-05-28,0,0,31540.6666666667,11386737.0176163,39382.7385433522,,predictedExposure,1_102_2
2018-06-04,0,0,0,0,40061.7512768583,,predictedExposure,1_102_2
2018-06-11,62360.1,0,40685,0,38477.3882320108,,predictedExposure,1_102_2
2018-06-18,0,32743,0,0,45946.5283005776,,predictedExposure,1_102_2
2018-06-25,0,0,77881,42395950.0320963,43796.3213111417,,predictedExposure,1_102_2
2018-07-02,109664.6,315190,0,0,33384.7927307152,,predictedExposure,1_102_2
2018-07-09,0,0,86159.3333333333,91178096.4931978,44022.658888977,,predictedExposure,1_102_2
2018-07-16,66418.4,111596,0,0,43683.152522224,,predictedExposure,1_102_2
2018-07-23,72966.7,0,38795,0,58734.6014482753,,predictedExposure,1_102_2
2018-07-30,0,0,0,0,65751.0663611713,,predictedExposure,1_102_2
2018-08-06,97811.2,173577,54001,0,74465.0631078326,,predictedExposure,1_102_2
2018-08-13,0,0,0,50225357.2056585,0,,predictedExposure,1_102_2
2018-08-20,461723.4,199560,0,0,0,,predictedExposure,1_102_2
2015-11-23,167687.6,0,95463.6666666667,72903852.7125913,0,19401.6538461538,adstockedMedia,1_102_2
2015-11-30,336008.280826018,0,31560.1503752894,33650473.3588726,29511.7154573556,19169.9372313119,adstockedMedia,1_102_2
2015-12-07,243273.118053689,248022,13837.7401494204,57833541.2169523,39239.585879142,18870.6389829311,adstockedMedia,1_102_2
2015-12-14,802009.298360505,99208.8,137174.7369153,45190177.2053889,40935.6650506803,7059.08761573867,adstockedMedia,1_102_2
2015-12-21,580662.185588325,559688.52,45349.7699795486,19382890.374881,32711.7747971155,17071.2302382448,adstockedMedia,1_102_2
2015-12-28,669594.61882375,223875.408,254409.901815297,54440302.1900568,41505.9303996216,17669.9625498584,adstockedMedia,1_102_2
2016-01-04,489945.626991066,514713.1632,84107.5462383948,53894098.5663212,40659.5865609709,32805.095937543,adstockedMedia,1_102_2
2016-01-11,376866.88731347,205885.26528,204665.500023655,69173207.7377228,39046.0719947195,26486.0830290425,adstockedMedia,1_102_2
2016-01-18,272855.128875255,82354.106112,67662.1188240588,51926461.3429903,32134.5609210462,25656.8870403094,adstockedMedia,1_102_2
2016-01-25,197549.649119495,32941.6424448,106698.332130062,44019084.1321653,24453.1200906759,20885.738191252,adstockedMedia,1_102_2
2016-02-01,266866.48191528,92821.65697792,35274.3145575525,10306426.5333692,30598.5952731442,14508.8938409231,adstockedMedia,1_102_2
2016-02-08,193213.813064221,37128.662791168,47388.304132456,36662757.0078642,24544.9942014304,14150.6453435857,adstockedMedia,1_102_2
2016-02-15,636961.896315618,14851.4651164672,34029.5049298015,23773808.8535287,2584.29120667037,22595.4428000992,adstockedMedia,1_102_2
2016-02-22,461166.332618825,5940.58604658688,11250.1052000362,5566290.60322077,272.094626955936,24501.4266036678,adstockedMedia,1_102_2
2016-02-29,645560.910723939,2376.23441863475,3719.2685369055,33761726.4875382,16096.3183940909,6112.95172606514,adstockedMedia,1_102_2
2016-03-07,467392.098966483,950.493767453901,125025.251475311,7904815.84393659,30572.1319380297,9603.68815023393,adstockedMedia,1_102_2
2016-03-14,486689.523419593,82869.1975069816,41333.167633786,1850797.33850741,20284.1107211442,7478.54447494201,adstockedMedia,1_102_2
2016-03-21,352367.738066712,33147.6790027926,13664.6855453837,433337.203023347,23246.1290313275,9115.90130454973,adstockedMedia,1_102_2
2016-03-28,255117.517134646,137175.071601117,106363.191979718,80343139.0479304,20718.6817920515,12082.4513871853,adstockedMedia,1_102_2
2016-04-04,184707.453372545,54870.0286404468,35163.517707704,22250352.5302638,16091.083353679,12186.9992880195,adstockedMedia,1_102_2
2016-04-11,133729.91284391,146474.011456179,11625.0081871912,5209595.52466384,15023.9684750065,5714.59566279496,adstockedMedia,1_102_2
2016-04-18,180272.199734928,58589.6045824715,3843.21092319652,29469114.9149796,18672.5656092209,12952.7795161244,adstockedMedia,1_102_2
2016-04-25,130518.747990682,23435.8418329886,1270.55998261157,6899763.45175067,14280.6696742217,9240.43162711231,adstockedMedia,1_102_2
2016-05-02,94496.7865378224,9374.33673319544,94309.3786292265,1615478.97951679,12558.625386698,7493.5577780229,adstockedMedia,1_102_2
2016-05-09,68416.5516712761,97420.7346932782,31178.5444166035,378240.841372387,14590.414165889,3591.28979464172,adstockedMedia,1_102_2
2016-05-16,49534.2192479201,38968.2938773113,10307.5817704185,50844526.34474,1536.19425293604,20212.2049834376,adstockedMedia,1_102_2
2016-05-23,35863.2350880547,248917.317550925,3407.67165183264,11904504.2787046,161.742686391379,23963.531798967,adstockedMedia,1_102_2
2016-05-30,25965.3155032838,99566.9270203698,1126.57132830413,2787266.05024921,13714.3921074568,14411.5493133888,adstockedMedia,1_102_2
2016-06-06,18799.1297363363,39826.7708081479,372.442854661297,652597.693527581,10774.9558776913,7557.6747642081,adstockedMedia,1_102_2
2016-06-13,13610.7446412084,15930.7083232592,123.129070040391,152796.231834217,15574.4157234217,8922.76094541022,adstockedMedia,1_102_2
2016-06-20,163397.20561342,238700.283329304,40.7062927889944,33490735.6649239,15065.9830900212,3996.85976782068,adstockedMedia,1_102_2
2016-06-27,118301.095416808,95480.1133317215,13.4574416267399,7841367.29520925,12611.3574254787,4339.08794489508,adstockedMedia,1_102_2
2016-07-04,161558.692528031,38192.0453326886,38767.4490107728,1835941.78621687,14328.7988923847,5126.32856149809,adstockedMedia,1_102_2
2016-07-11,116969.994856532,15276.8181330754,12816.4626728461,429858.992122016,19067.3915193161,9636.00811775546,adstockedMedia,1_102_2
2016-07-18,98940.4633516386,605441.72725323,40092.1040560036,33830518.0822445,14654.1761314874,8522.83906488868,adstockedMedia,1_102_2
2016-07-25,71633.8149823542,242176.690901292,13254.391718342,7920922.39251504,20412.7414902063,15685.5977300522,adstockedMedia,1_102_2
2016-08-01,263215.447785186,404777.676360517,4381.88276618884,55460129.8400543,22704.370046824,15381.2264384344,adstockedMedia,1_102_2
2016-08-08,190570.430422684,161911.070544207,7506.9774495361,12985180.5187824,24303.5520661641,20633.530089578,adstockedMedia,1_102_2
2016-08-15,352704.862716533,64764.4282176827,2481.79590669329,18414232.2533863,2558.87026821066,24058.6245270609,adstockedMedia,1_102_2
2016-08-22,255361.598514227,25905.7712870731,105668.478143685,15975590.446099,269.418109406671,24831.6655096484,adstockedMedia,1_102_2
2016-08-29,364817.870559763,309698.308514829,34933.8463164975,3740451.49975306,27481.9058279033,8057.4863740953,adstockedMedia,1_102_2
2016-09-05,423595.328766503,288523.323405932,34659.4124901774,4755642.5290385,24704.6394870963,5004.56801250522,adstockedMedia,1_102_2
2016-09-12,306686.95476396,415626.329362373,11458.3517300737,1113464.33736195,32997.5988602039,12376.5268625224,adstockedMedia,1_102_2
2016-09-19,222044.205483289,227552.531744949,195312.781205749,54824799.7967504,35171.9289150324,18073.3718796542,adstockedMedia,1_102_2
2016-09-26,160762.068365939,395475.01269798,64570.1234857531,12836427.2554002,26123.2971306537,6965.14508972915,adstockedMedia,1_102_2
2016-10-03,1200418.03155965,386696.005079192,94945.456268589,45684999.1658608,31690.5948062571,15639.0274877984,adstockedMedia,1_102_2
2016-10-10,869113.811086691,154678.402031677,111817.164099179,56747133.4131942,40977.123363238,27627.7155732632,adstockedMedia,1_102_2
2016-10-17,1239666.5764464,117738.360812671,36966.5930162803,74704406.0554773,41019.457888442,32785.5525616101,adstockedMedia,1_102_2
2016-10-24,897530.122346037,345056.344325068,82428.4356143679,81433487.378943,35918.2484442089,25127.6721052534,adstockedMedia,1_102_2
2016-10-31,1354781.04988877,138022.537730027,27250.7218088835,90832055.3024154,38441.6813879403,19660.2948179778,adstockedMedia,1_102_2
2016-11-07,980874.070949296,322588.015092011,95587.7159537275,85300312.3349248,46271.4370892517,33863.3122848018,adstockedMedia,1_102_2
2016-11-14,1102594.8432451,129035.206036804,31601.1608904968,72171396.1928819,4871.82302869666,27044.5754298133,adstockedMedia,1_102_2
2016-11-21,850466.813614728,323523.082414722,65145.2981665394,97383429.6949239,512.944077728945,25505.5921595419,adstockedMedia,1_102_2
2016-11-28,615745.876978459,129409.232965889,52608.9415209876,76537663.2281858,74009.9631350461,33697.5910617571,adstockedMedia,1_102_2
2016-12-05,552713.73744495,500039.693186356,17392.4401132072,39390103.5790609,72916.3424677233,58878.5184406407,adstockedMedia,1_102_2
2016-12-12,400169.882625492,200015.877274542,5749.91559126546,38695552.8524953,60446.0701138729,32894.8329298441,adstockedMedia,1_102_2
2016-12-19,289726.714050507,707981.350909817,1900.91379308944,23182124.0175683,54051.0248236979,11877.3365940081,adstockedMedia,1_102_2
2016-12-26,1017672.4335846,283192.540363927,628.439355570158,73964805.7276029,83540.5055785847,3239.70504879335,adstockedMedia,1_102_2
2017-01-02,1044711.89978332,963957.016145571,210193.761143649,75488920.6982578,66975.6469871827,47238.1987508448,adstockedMedia,1_102_2
2017-01-09,756381.124605908,385582.806458228,69489.7539689573,76346307.8090674,70265.6912856657,32432.62240036,adstockedMedia,1_102_2
2017-01-16,591976.663738767,154233.122583291,34490.5456703357,73914849.0843667,69310.7620648133,42671.0160596706,adstockedMedia,1_102_2
2017-01-23,428596.60615721,61693.2490333165,92259.8579365672,104064146.312622,68681.9590039874,23628.8130432211,adstockedMedia,1_102_2
2017-01-30,612145.126074838,24677.2996133266,30500.9758345852,84419772.0224522,75354.4929772742,32748.0035669707,adstockedMedia,1_102_2
2017-02-06,443198.760326693,9870.91984533065,10083.5785754362,19765658.3608338,52536.6851667241,11476.1973282097,adstockedMedia,1_102_2
2017-02-13,320880.021400519,243430.367938132,3333.61651897383,92833019.1474931,5531.47792131329,21991.8220943283,adstockedMedia,1_102_2
2017-02-20,232320.117633227,97372.1471752529,81284.7554749641,21735497.4683666,582.397764474037,24365.1899094638,adstockedMedia,1_102_2
2017-02-27,168201.924262989,38948.8588701012,26872.6228059733,147780947.957899,37600.5243618405,32055.2032168271,adstockedMedia,1_102_2
2017-03-06,121779.756372359,15579.5435480405,114092.383635908,34600753.5864837,50421.8739375245,19506.8328620067,adstockedMedia,1_102_2
2017-03-13,165876.275389228,6231.81741921619,37718.7773102976,8101261.80198571,46506.8330657025,30394.6760482253,adstockedMedia,1_102_2
2017-03-20,120095.964974043,2492.72696768647,161373.439989345,1896792.29442998,34700.9258972312,29556.053253018,adstockedMedia,1_102_2
2017-03-27,86950.5947683173,46890.0907870746,53349.8262791933,31591386.6709039,49555.8179829109,33074.7767815337,adstockedMedia,1_102_2
2017-04-03,62953.0386986624,18756.0363148298,17637.3755446251,7396662.43017117,37193.4290067934,8709.94977255249,adstockedMedia,1_102_2
2017-04-10,45578.5850798957,945680.414525932,5830.89089126913,1731820.62806679,29381.6671712092,3091.8284620642,adstockedMedia,1_102_2
2017-04-17,89017.2191882163,378272.165810373,1927.68411036337,405480.541543145,30345.0378047275,12663.823127488,adstockedMedia,1_102_2
2017-04-24,64449.2939851059,706598.866324149,637.289583811546,94937.3548885698,29336.4271056943,20755.2144091133,adstockedMedia,1_102_2
2017-05-01,321333.78781292,282639.54652966,210.687016327657,22228.1969905064,25268.8094298195,10736.4347312147,adstockedMedia,1_102_2
2017-05-08,232648.64873294,687454.818611864,69.6528234206582,5204.40812816711,21186.1159681243,11478.2044416866,adstockedMedia,1_102_2
2017-05-15,168439.783832427,274981.927444746,23.0271228623049,1218.53625717372,2230.64192847647,21992.2750981805,adstockedMedia,1_102_2
2017-05-22,121951.968911211,186879.770977898,7.61273357310048,46342386.3371168,234.859632627497,24365.2921520587,adstockedMedia,1_102_2
2017-05-29,88294.3588678351,74751.9083911593,53812.8500920618,10850393.8594102,18604.8207906149,11277.2262928963,adstockedMedia,1_102_2
2017-06-05,132366.936395156,109563.763356464,17790.4505486734,41035903.3900675,20717.5751776386,4533.26065001837,adstockedMedia,1_102_2
2017-06-12,95834.8921190351,43825.5053425855,5881.49726660701,9607958.27215141,24243.5732113463,5817.15318049764,adstockedMedia,1_102_2
2017-06-19,341332.952547928,17530.2021370342,1944.41450498763,5538171.56764244,29330.1577965247,6492.92666307286,adstockedMedia,1_102_2
2017-06-26,247128.229865865,304447.080854814,35588.4872947867,1296682.09860352,23877.4569121846,2513.44817934394,adstockedMedia,1_102_2
2017-07-03,213128.835140492,121778.832341925,83563.5025191352,75421227.3849981,40458.4724863527,11544.2831758971,adstockedMedia,1_102_2
2017-07-10,154307.257381626,48711.5329367702,27625.973288858,17658780.377305,39819.366642036,9418.53516770245,adstockedMedia,1_102_2
2017-07-17,185698.388418401,222324.613174708,196314.440217908,4134545.87290258,37249.0154012843,4486.7555998737,adstockedMedia,1_102_2
2017-07-24,134447.35902649,88929.8452698832,64901.2705090377,968043.613991911,38608.682526219,16126.6570291315,adstockedMedia,1_102_2
2017-07-31,182728.037438793,420771.938107953,32349.5996630633,226653.293347702,42103.5831271697,13683.7731575579,adstockedMedia,1_102_2
2017-08-07,132296.79731192,364932.775243181,81699.0642775322,53067.5629102274,58109.1873897963,12018.4162875803,adstockedMedia,1_102_2
2017-08-14,351137.010770926,145973.110097273,27009.5926979481,12424.9958676344,6118.19504888945,22114.2004651382,adstockedMedia,1_102_2
2017-08-21,254226.459134577,58389.244038909,94040.6656844466,19325392.344699,644.171986181109,24392.8106065701,adstockedMedia,1_102_2
2017-08-28,1068230.71909933,23355.6976155636,31089.7083050108,18751807.24355,70402.8982437121,39217.4371853266,adstockedMedia,1_102_2
2017-09-04,773408.968365839,9342.27904622544,10278.2126801823,4390462.17189076,52222.3987723555,28851.3431467857,adstockedMedia,1_102_2
2017-09-11,926474.780871386,285295.91161849,37975.6289396686,9138825.11609828,52497.7953913566,8776.72429322875,adstockedMedia,1_102_2
2017-09-18,670776.351661981,114118.364647396,12554.6881005213,2139722.61161952,60693.6527248324,17904.89941617,adstockedMedia,1_102_2
2017-09-25,1113127.11254853,316704.345858958,4150.56176032741,32179547.3247057,79388.8689172308,28377.120994018,adstockedMedia,1_102_2
2017-10-02,1640697.77447339,236112.738343583,1372.16972563236,7534371.66896462,78038.5220594414,35914.6927454476,adstockedMedia,1_102_2
2017-10-09,1522663.83675198,708013.095337434,139240.637330238,59846663.5222418,63509.8708931839,23563.9164574954,adstockedMedia,1_102_2
2017-10-16,1102422.76887827,283205.238134973,46032.753674104,58824410.7063937,79451.6527147691,49284.3564612305,adstockedMedia,1_102_2
2017-10-23,1130868.13017395,199703.095253989,15218.3619053327,78053424.8242457,77712.829848877,46139.4385037805,adstockedMedia,1_102_2
2017-10-30,853598.236112598,79881.2381015958,5031.16847454574,85310035.4413996,81312.3528195079,15162.6331210796,adstockedMedia,1_102_2
2017-11-06,776630.655969189,629185.495240638,174462.630367319,59918130.9219946,87551.9250207985,29365.1937585893,adstockedMedia,1_102_2
2017-11-13,562287.812637375,251674.198096255,57677.0937207641,109701791.961071,9218.15943819322,26029.3537976023,adstockedMedia,1_102_2
2017-11-20,821306.602042692,298116.679238502,29163.6305800262,62272712.6479176,970.560766171213,25276.4574765621,adstockedMedia,1_102_2
2017-11-27,594633.612796173,119246.671695401,81654.787498391,50108081.3337854,110820.092014708,47173.8755532628,adstockedMedia,1_102_2
2017-12-04,647446.861967466,212402.66867816,26994.9548586882,34211890.0443001,102897.434883647,26783.1047078498,adstockedMedia,1_102_2
2017-12-11,468757.545194123,84961.0674712642,8924.49310258719,39426468.7998095,92542.843330919,43828.9245876314,adstockedMedia,1_102_2
2017-12-18,817502.719178354,206187.426988506,2950.42453506798,23771308.921306,107150.594736281,53143.1520405946,adstockedMedia,1_102_2
2017-12-25,1269997.46625052,82474.9707954023,113733.739424981,74614953.4970064,101311.342507119,69517.3654754958,adstockedMedia,1_102_2
2018-01-01,919489.968448201,32989.9883181609,77287.8767186206,60680530.0295748,110584.735517294,93307.0119091503,adstockedMedia,1_102_2
2018-01-08,665719.282553352,20596.9953272644,25551.2604595797,81012205.3643005,113192.668713948,95586.3154393607,adstockedMedia,1_102_2
2018-01-15,775156.247515368,8238.79813090575,124552.209818561,18967826.3270197,107816.791703929,31967.752361545,adstockedMedia,1_102_2
2018-01-22,561220.327214206,109816.519252362,186282.447411681,4441039.88965749,78745.5663128947,16955.0952762761,adstockedMedia,1_102_2
2018-01-29,595097.732675507,43926.6077009449,61584.7081708879,1039804.71781491,84606.4922645256,17359.7509849653,adstockedMedia,1_102_2
2018-02-05,430856.28907346,17570.643080378,55960.8156089912,9142659.15237965,105736.892295052,60020.0814438372,adstockedMedia,1_102_2
2018-02-12,380683.057506854,108626.257232151,18500.5648474666,2140620.29529557,11132.8166849936,32948.1366019469,adstockedMedia,1_102_2
2018-02-19,275618.071561328,43450.5028928605,53451.9266952344,501195.021301723,1172.15103122027,26838.0210348828,adstockedMedia,1_102_2
2018-02-26,292220.84530197,122701.201157144,92692.1297947618,117347.504333061,75632.2755925068,25382.3191572366,adstockedMedia,1_102_2
2018-03-05,211570.607790183,49080.4804628577,30643.8842868162,27475.2066320064,76347.2086258257,23806.768447062,adstockedMedia,1_102_2
2018-03-12,551580.986298419,189515.192185143,163781.823903421,6432.91890834674,62847.1740105308,14084.1679544797,adstockedMedia,1_102_2
2018-03-19,399349.760268037,75806.0768740572,54146.0345241066,1506.17413858347,60046.7409760726,16157.7850621893,adstockedMedia,1_102_2
2018-03-26,437211.737841798,183913.430749623,40319.2675075425,352.648707073579,50544.5662307165,27556.7987288817,adstockedMedia,1_102_2
2018-04-02,316545.361480301,73565.3722998492,13329.4916274558,82.5675513972283,60721.7716841212,16786.546688469,adstockedMedia,1_102_2
2018-04-09,229181.783566276,50534.1489199397,4406.71068771712,19.3319879159844,61887.6301678511,45117.7097080574,adstockedMedia,1_102_2
2018-04-16,165929.74123201,20213.6595679759,1456.85219121496,21011316.8063358,56941.5846620179,31799.0297766755,adstockedMedia,1_102_2
2018-04-23,120134.674741109,304998.46382719,481.633231099936,4919493.38118121,42819.3315286076,9706.014728375,adstockedMedia,1_102_2
2018-04-30,86978.6209994272,121999.385530876,159.227250848496,147137772.677319,33162.9852096558,9026.63949902232,adstockedMedia,1_102_2
2018-05-07,62973.3299504513,160688.75421235,52.6402992477674,34450163.4752156,49073.938430089,2367.30507148158,adstockedMedia,1_102_2
2018-05-14,45593.2761347702,64275.5016849402,51044.7361402657,153197043.174608,5166.89254520874,19935.9526434411,adstockedMedia,1_102_2
2018-05-21,40113.2556484786,75001.2006739761,16875.3160726464,35868853.2879936,544.011331223517,23901.181874242,adstockedMedia,1_102_2
2018-05-28,29042.3698871368,30000.4802695904,37119.6217967154,23268841.0899284,38047.8091852645,33962.4769869309,adstockedMedia,1_102_2
2018-06-04,21026.9457072418,12000.1921078362,12271.6933749127,5448059.76630374,52243.840473894,34373.3029749382,adstockedMedia,1_102_2
2018-06-11,77583.8041086347,4800.07684313447,44742.004112612,1275583.73459625,37386.864633901,15433.0260607505,adstockedMedia,1_102_2
2018-06-18,56171.3952095931,34663.0307372538,14791.6419638102,298659.327129675,52022.2785516349,26838.2212215055,adstockedMedia,1_102_2
2018-06-25,40668.6121677441,13865.2122949015,82771.095477951,39276345.3012851,45225.0141320508,23046.3643391918,adstockedMedia,1_102_2
2018-07-02,139109.053168361,320736.084917961,27364.0046650723,9195983.40873122,36632.0044793279,19854.5453760542,adstockedMedia,1_102_2
2018-07-09,100716.247321555,128294.433967184,95205.8337690991,104863177.137768,47224.4295641611,19624.1544751485,adstockedMedia,1_102_2
2018-07-16,139337.899080048,162913.773586874,31474.9111915972,24552183.5025267,50832.2912091481,13442.155439307,adstockedMedia,1_102_2
2018-07-23,173848.633888424,65165.5094347495,49200.5601983549,5748535.67472767,52722.3945308239,25510.8833683466,adstockedMedia,1_102_2
2018-07-30,125868.026619588,26066.2037738998,16265.6341687612,1345935.78612737,83384.0284452363,14663.7852832094,adstockedMedia,1_102_2
2018-08-06,188940.82104308,184003.48150956,59378.3951728464,315131.233914473,85664.8068582173,62627.6042140417,adstockedMedia,1_102_2
2018-08-13,136794.910380718,73601.392603824,19630.411717181,54695859.479802,9019.46870583924,33536.6523352181,adstockedMedia,1_102_2
2018-08-20,560764.186436521,229000.55704153,6489.78577249014,12806237.760775,949.641033689085,26970.8485492828,adstockedMedia,1_102_2
2018-08-27,405998.48251326,91600.2228166118,2145.51380682217,46862817.2477969,82333.510240687,54107.2982174116,adstockedMedia,1_102_2
2018-09-03,381407.274538085,164540.089126645,6502.63710030472,10972245.1666867,102255.809034126,83066.9724704236,adstockedMedia,1_102_2
2018-09-10,276142.411422542,65816.0356506579,6169.76243724369,2568991.17612353,101669.352161993,64973.1470047568,adstockedMedia,1_102_2
2018-09-17,199929.672234509,112802.414260263,74677.7145542202,42007437.1574625,104720.242751886,89659.3855575762,adstockedMedia,1_102_2
2018-09-24,151410.440769597,100095.965704105,24688.3446164243,9835428.73401473,107821.279606347,21283.0491877577,adstockedMedia,1_102_2
2018-10-01,1284898.36626936,89214.3862816421,28400.2644199734,13696944.0098029,117479.272212308,39272.5666043279,adstockedMedia,1_102_2
2018-10-08,930278.358545245,35685.7545126568,28812.7530813132,23529106.3084486,121636.299620566,31095.7858110719,adstockedMedia,1_102_2
2018-10-15,1007201.57724689,132600.301805063,17318.7879038924,41272070.0961795,104147.007223054,56427.2931467977,adstockedMedia,1_102_2
2018-10-22,729223.302482582,53040.1207220251,5725.56627720063,9663253.26190774,108525.986378192,62310.5934077571,adstockedMedia,1_102_2
2018-10-29,717639.248126808,21216.04828881,17853.8639450137,93811678.6025139,134167.122321841,56339.4494121982,adstockedMedia,1_102_2
2018-11-05,519577.485115347,281096.419315524,16818.794977218,21964636.3060597,132690.894093777,38047.7671494894,adstockedMedia,1_102_2
2018-11-12,806310.827982888,112438.56772621,5560.26933750182,122204963.044982,13970.7472732585,27989.003432963,adstockedMedia,1_102_2
2018-11-19,583776.533011743,133200.427090484,1838.21701539505,28612509.7436062,1470.95081924248,25718.7487789765,adstockedMedia,1_102_2
2018-11-26,824098.635301888,53280.1708361935,114078.711891382,72450852.7164683,156719.257984709,6105.70033452036,adstockedMedia,1_102_2
2018-12-03,596655.070823947,121735.068334477,37714.2574512957,16963310.4714372,130624.158076979,36210.0515171579,adstockedMedia,1_102_2
2018-12-10,431983.816366251,48694.027333791,59588.2790638177,3971711.73783801,165576.152272296,76964.5786880605,adstockedMedia,1_102_2
2018-12-17,312760.297745652,48284.6109335164,19699.7990285183,929918.376194394,131505.095820577,54569.8417736869,adstockedMedia,1_102_2
2018-12-24,1411790.66224542,19313.8443734066,62402.3917841077,96819280.2284238,164248.879556594,93181.3681686326,adstockedMedia,1_102_2
2018-12-31,1407498.86012159,7725.53774936262,20630.1406309992,22668822.3610447,121927.897353569,75041.9577510112,adstockedMedia,1_102_2
2019-01-07,1019042.25549753,3708.21509974505,13597.2947080499,25125396.5349463,133839.132700199,113172.907817865,adstockedMedia,1_102_2
2019-01-14,824675.863578895,1483.28603989802,10008.5793328569,5882745.14598483,126000.001745676,106170.031720346,adstockedMedia,1_102_2
2019-01-21,597072.989461044,51734.3144159592,25210.4885443232,32523189.7977956,130444.165587854,24591.4883752862,adstockedMedia,1_102_2
2019-01-28,669859.393343489,20693.7257663837,8334.55111536346,7614830.54203006,131965.296421094,25534.2785934541,adstockedMedia,1_102_2
2019-02-04,484984.426204073,8277.49030655347,34795.7238991479,1782901.50948737,155893.495566733,61499.0655661724,adstockedMedia,1_102_2
2019-02-11,446554.531836137,3310.99612262139,20442.7494184145,24421902.0306978,16413.7007515258,33281.9420954975,adstockedMedia,1_102_2
2019-02-18,323309.631160645,1324.39844904856,10521.0101103802,5718032.1682478,1728.16429178928,26913.3606587785,adstockedMedia,1_102_2
2019-02-25,369986.377679445,58435.7593796194,8321.89741955562,2871750.63527404,88712.3488964515,52317.3232480572,adstockedMedia,1_102_2
2019-03-04,267873.575955331,23374.3037518478,2751.20727224922,672378.526907628,83432.4977491174,48786.9765998357,adstockedMedia,1_102_2
2019-03-11,235120.358508775,9349.72150073911,909.545152177705,157427.625467672,90844.2170049385,35001.1802803096,adstockedMedia,1_102_2
2019-03-18,170229.32468128,3739.88860029564,300.694314163265,83216269.1454048,64816.7155061038,23945.7374494284,adstockedMedia,1_102_2
2019-03-25,149373.013117105,12305.9554401183,99.4091061379774,19483875.7152035,77730.4574139507,34384.5331434108,adstockedMedia,1_102_2
2019-04-01,108147.449713861,4922.3821760473,32.8645069683161,40055985.5776933,82072.4641404568,15213.5607004893,adstockedMedia,1_102_2
2019-04-08,437473.358674901,5825.95287041892,10.8649585559232,9378524.8084371,76065.9860432402,40940.6880711539,adstockedMedia,1_102_2
2019-04-15,316734.777394874,2330.38114816757,22475.2586062791,2195844.79857243,73255.0746466905,52958.2794468907,adstockedMedia,1_102_2
2019-04-22,265906.922448788,932.152459267028,7430.28804680685,19875568.7658458,59194.3337968768,13119.639883954,adstockedMedia,1_102_2
2019-04-29,192519.083092693,372.860983706811,95950.7758342039,36341153.5543142,62033.3314000055,4507.09187416719,adstockedMedia,1_102_2
2019-05-06,167104.805359671,149.144393482724,31721.1879628182,8508751.07080526,62639.8285059652,35878.246909425,adstockedMedia,1_102_2
2019-05-13,120985.432090143,59.6577573930898,26414.978943361,67199440.7883326,6595.21679519779,27499.3445085932,adstockedMedia,1_102_2
2019-05-20,306897.477226749,10840.8631029572,37154.4205689811,15733768.9600489,694.396610161805,25608.2331646083,adstockedMedia,1_102_2
2019-05-27,222196.625702866,11213.3452411829,12283.1977987834,3683832.52574893,40197.2068465402,26779.7570517345,adstockedMedia,1_102_2
2019-06-03,160872.422021449,4485.33809647316,14500.1407918675,862515.657387887,59071.9703676427,25947.1690244141,adstockedMedia,1_102_2
2019-06-10,116473.128631824,1794.13523858926,4793.72561135868,4111254.0789223,36722.2559878385,13887.2545950521,adstockedMedia,1_102_2
2019-06-17,84327.6275872611,717.654095435705,1584.79876622194,962590.180141098,40021.0639628296,23307.3418797793,adstockedMedia,1_102_2
2019-06-24,107257.586082699,287.061638174282,523.932184075662,225376.451349599,52637.5962025694,32198.4477911821,adstockedMedia,1_102_2
2019-07-01,77655.4891358788,114.824655269713,173.211223633582,52768.6089790493,53695.1408232757,15980.1630440005,adstockedMedia,1_102_2
2019-07-08,95750.9958355316,45.9298621078852,57.2633804612966,12355.0001648775,50988.672123636,20990.7095862387,adstockedMedia,1_102_2
2019-07-15,69324.6108589711,124640.371944843,18.9311909070739,2892.74309153625,82084.9576616047,8890.58579797864,adstockedMedia,1_102_2
2019-07-22,140562.962538975,49856.1487779373,6.25862438216176,29956908.3497051,85990.4705053407,27867.5978636486,adstockedMedia,1_102_2
2019-07-29,101768.89121797,92003.4595111749,2.06909218491654,7013973.17004838,84380.8342484086,8109.69379620953,adstockedMedia,1_102_2
2019-08-05,171256.423043932,36801.38380447,0.684038889102335,179940492.433891,113202.215813553,42303.35118451,adstockedMedia,1_102_2
2019-08-12,123991.241877135,78370.553521788,0.226142269162951,42130441.8801626,11918.8250158771,28949.4852310455,adstockedMedia,1_102_2
2019-08-19,89770.8114474067,31348.2214087152,24152.0747623077,108180283.090477,1254.90820774279,25935.5287266537,adstockedMedia,1_102_2
2019-08-26,64994.9017843652,84768.2885634861,7984.6410471034,25328835.4815265,113707.528802307,53936.6273894721,adstockedMedia,1_102_2
2019-09-02,48755.0129302586,33907.3154253944,105623.377469094,46675775.1674155,129669.803565837,46234.4522056725,adstockedMedia,1_102_2
2019-09-09,404807.582472415,21521.9261701578,34918.9360985914,10928451.9915649,151582.331271345,41760.077635037,adstockedMedia,1_102_2
2019-09-16,293084.451840732,30099.7704680631,121076.483193664,21543549.3436258,171682.773606486,79842.2149939676,adstockedMedia,1_102_2
2019-09-23,420822.966950283,12039.9081872252,40027.7105408679,5044107.86720227,163688.662221831,68925.3219086296,adstockedMedia,1_102_2
2019-09-30,304679.73904372,63794.9632748901,160300.103315206,1181004.28904023,146911.993510746,94984.3881656247,adstockedMedia,1_102_2
2019-10-07,365070.562647521,25517.985309956,52994.9827243417,141729262.03108,142998.283687648,79721.8978735511,adstockedMedia,1_102_2
2019-10-14,264314.480186466,70640.1941239824,171243.73144436,33183839.5902607,167896.314221131,46150.1664340327,adstockedMedia,1_102_2
2019-10-21,346283.740095208,28256.077649593,56612.9303840869,64651474.2905989,121357.500294786,21060.0544060675,adstockedMedia,1_102_2
2019-10-28,272695.146060869,25396.4310598372,36192.1530506291,15137199.7665706,151165.182034013,14350.236866478,adstockedMedia,1_102_2
2019-11-04,219886.820075058,10158.5724239349,36016.4068798136,3544154.55002834,167623.856951286,93427.836595635,adstockedMedia,1_102_2
2019-11-11,159200.101280444,4063.42896957395,11906.9721161404,128810931.861808,17648.7660169069,40488.2393173533,adstockedMedia,1_102_2
2016-11-21,0.720747816082177,0.445049229259592,0.421421250147826,0.292098070920671,0.00403787674608048,0.177244304660132,saturatedMedia,1_102_2
2016-11-28,0.538231194551327,0.312070822011796,0.30657760153103,0.182343446462287,0.495060451629854,0.277064643583442,saturatedMedia,1_102_2
2016-12-05,0.471878269154751,0.512510722125811,0.03224921176083,0.0392602783459484,0.490952951739237,0.548622563759722,saturatedMedia,1_102_2
2016-12-12,0.287500224677098,0.37292053962347,0.00250541187936146,0.0375815391443884,0.43948898418894,0.267188214291655,saturatedMedia,1_102_2
2016-12-19,0.154138230837616,0.566178549531136,0.000189277672990573,0.0104384245859584,0.409344727821315,0.042459897787457,saturatedMedia,1_102_2
2016-12-26,0.800590191276543,0.424705818825384,1.42688316840733e-05,0.169679375004327,0.528458109950982,0.00301015671483509,saturatedMedia,1_102_2
2017-01-02,0.810695503679642,0.612583721250164,0.918277042578057,0.177147192674848,0.467544817407444,0.435248328338927,saturatedMedia,1_102_2
2017-01-09,0.659167275208208,0.472135055985268,0.458558190242651,0.181391943358691,0.480742610652462,0.261496933168656,saturatedMedia,1_102_2
2017-01-16,0.514076508615277,0.335963049059296,0.14156901492939,0.169436342163028,0.47697317501009,0.384433270110804,saturatedMedia,1_102_2
2017-01-23,0.323303955691175,0.222510153730806,0.621488129409103,0.32833735375719,0.474464034812593,0.155354565547092,saturatedMedia,1_102_2
2017-01-30,0.534641203245112,0.139330821822496,0.11012712838712,0.222673849937471,0.500028784315952,0.265380510243029,saturatedMedia,1_102_2
2017-02-06,0.341602058407009,0.0838907464299771,0.0092415991047528,0.00697057809105396,0.40178250108561,0.0396629906661522,saturatedMedia,1_102_2
2017-02-13,0.18983029789832,0.401898087242769,0.000702566030776632,0.267476643891244,0.0530039698170539,0.136850599589422,saturatedMedia,1_102_2
2017-02-20,0.0956895670461154,0.275414236287339,0.549845545153261,0.00886822147885911,0.00464266763555475,0.16386655760383,saturatedMedia,1_102_2
2017-02-27,0.0456070305648074,0.176959417072279,0.0843031660062414,0.544939365445147,0.317067218771445,0.256848811405394,saturatedMedia,1_102_2
2017-03-06,0.0211246477228453,0.108433173883138,0.729478560340443,0.0285074983217459,0.390931601519291,0.110102857637144,saturatedMedia,1_102_2
2017-03-13,0.0441382993143408,0.0643678837100251,0.16891534995443,0.000718535495831243,0.369906124039124,0.236416881129747,saturatedMedia,1_102_2
2017-03-20,0.0204274731328849,0.0374575893593394,0.85836894862922,1.7619496113933e-05,0.298202862341832,0.226130308477093,saturatedMedia,1_102_2
2017-03-27,0.00932963684729823,0.194394675474945,0.313565184281795,0.0227292326823536,0.386387456661143,0.269403197721536,saturatedMedia,1_102_2
2017-04-03,0.00423496628587454,0.120101992405269,0.0332843660485422,0.000569591063204623,0.31447092284726,0.0228140051935286,saturatedMedia,1_102_2
2017-04-10,0.00191697862337565,0.609755144692109,0.00258838564350613,1.39651396603064e-05,0.261236807085002,0.00273366297959638,saturatedMedia,1_102_2
2017-04-17,0.00987949458801041,0.469169628484497,0.000195561173979384,3.42209404552221e-07,0.268168100633233,0.0481907157629396,saturatedMedia,1_102_2
2017-04-24,0.00448592074269099,0.565879996305684,1.47426035327073e-05,8.3855745921906e-09,0.26090866319783,0.123316374973298,saturatedMedia,1_102_2
2017-05-01,0.190365842813616,0.424408884194645,1.11120227109066e-06,2.05481899115635e-10,0.230406989116035,0.0347342873908168,saturatedMedia,1_102_2
2017-05-08,0.0959909917872766,0.561679663724271,8.37541972497366e-08,5.03517201630602e-12,0.197729705622003,0.0396767696204286,saturatedMedia,1_102_2
2017-05-15,0.0457586767763708,0.420242120777231,6.31276507920356e-09,1.23382922476137e-13,0.0201256507240345,0.136855631981673,saturatedMedia,1_102_2
2017-05-22,0.0211966964728846,0.363096750918982,4.75808991075095e-10,0.058290405364651,0.00170869742174827,0.163867746728043,saturatedMedia,1_102_2
2017-05-29,0.00968508841713083,0.243845726916423,0.317925985490793,0.00151447669148185,0.175959490095879,0.0383078842452715,saturatedMedia,1_102_2
2017-06-05,0.0258120617050424,0.290291075805514,0.0339399847689775,0.0434001032202838,0.193842790473336,0.00601235945569527,saturatedMedia,1_102_2
2017-06-12,0.0118241975895444,0.187897185419964,0.00264102219550902,0.00111050015006209,0.222399736466103,0.010029405411074,saturatedMedia,1_102_2
2017-06-19,0.214331136943488,0.11573095142135,0.000199547776285334,0.000272055443533387,0.260863170594892,0.0125568759932288,saturatedMedia,1_102_2
2017-06-26,0.109684931090644,0.435736400608704,0.150699656908679,6.66827394654453e-06,0.219508374718802,0.00178291607918108,saturatedMedia,1_102_2
2017-07-03,0.0788341281510457,0.304016225229062,0.565773119055105,0.176813370442724,0.334831071873998,0.0401316195604832,saturatedMedia,1_102_2
2017-07-10,0.0372104823466455,0.198132638984302,0.0894241360157504,0.00523573565181377,0.330927846203311,0.0267127372751546,saturatedMedia,1_102_2
2017-07-17,0.0574634759226859,0.388420530738021,0.905475826497535,0.000128956212184961,0.314826420616873,0.00588623952606567,saturatedMedia,1_102_2
2017-07-24,0.02679510754886,0.26430390106079,0.419285394710638,3.1603679227504e-06,0.323425230049395,0.0770403025637456,saturatedMedia,1_102_2
2017-07-31,0.0553510985649159,0.485686569552384,0.124335284418048,7.74425642837453e-08,0.344700149041718,0.0560943866224226,saturatedMedia,1_102_2
2017-08-07,0.0257792751595403,0.463614009238741,0.552783024899657,1.89766915533821e-09,0.42879736076512,0.0434639860738002,saturatedMedia,1_102_2
2017-08-14,0.226302617231065,0.3283708015829,0.085224409307286,4.65008873485333e-11,0.0588758449413513,0.138211977034002,saturatedMedia,1_102_2
2017-08-21,0.116679432608475,0.216645294892909,0.631934397360682,0.00658334412418169,0.00518633195375356,0.16418786860753,saturatedMedia,1_102_2
2017-08-28,0.81896270922116,0.135276917222698,0.114580066924906,0.00609861184446582,0.481280189385079,0.344043014324218,saturatedMedia,1_102_2
2017-09-04,0.671369429937797,0.0812975332844017,0.00965955911398824,0.000150336052216407,0.40019157100172,0.217515728107218,saturatedMedia,1_102_2
2017-09-11,0.761129803228196,0.4258304594912,0.17115234400103,0.000977321885430085,0.401586043593744,0.0231688104761712,saturatedMedia,1_102_2
2017-09-18,0.58999227022148,0.295536396647318,0.0153254718676893,2.39713563125803e-05,0.44060080286108,0.0939000750590754,saturatedMedia,1_102_2
2017-09-25,0.833505093036181,0.441780222406052,0.00117172310629769,0.0237998517567009,0.514417827349413,0.211738124303188,saturatedMedia,1_102_2
2017-10-02,0.928615724004878,0.397344681371413,8.8411504506787e-05,0.000597058309565032,0.509686207530606,0.304220281345264,saturatedMedia,1_102_2
2017-10-09,0.915431960713602,0.566185397459069,0.811111135453634,0.106312337467604,0.452975263051973,0.154609623260891,saturatedMedia,1_102_2
2017-10-16,0.830178018612571,0.424712630825603,0.244518131055179,0.102202573016984,0.514635803683726,0.456915006921833,saturatedMedia,1_102_2
2017-10-23,0.838836633839958,0.372692997479116,0.0238140139781771,0.189931822754374,0.508532431230212,0.423323517798346,saturatedMedia,1_102_2
2017-10-30,0.72256500350763,0.251535004567509,0.00183533455481902,0.227346931254456,0.521016064974021,0.0684502951417832,saturatedMedia,1_102_2
2017-11-06,0.673623042908493,0.548077932780985,0.87910387202056,0.106602353781086,0.54133738081241,0.223794153702948,saturatedMedia,1_102_2
2017-11-13,0.482424107674058,0.406886020493293,0.354036897823655,0.358716672149136,0.0895487825776221,0.183458535021873,saturatedMedia,1_102_2
2017-11-20,0.703139786291247,0.432526666683218,0.100275339853001,0.116349686955318,0.00812991734830766,0.174538884431925,saturatedMedia,1_102_2
2017-11-27,0.516829678028886,0.30125874198082,0.552469982832178,0.070261420233739,0.604890531562686,0.43455572571222,saturatedMedia,1_102_2
2017-12-04,0.568761031714806,0.381698547431018,0.085125747006153,0.0277186690467985,0.585162889152632,0.192468657414466,saturatedMedia,1_102_2
2017-12-11,0.373284408839261,0.258820856839741,0.00696429896937948,0.0393492911481187,0.556489357030856,0.397618444975571,saturatedMedia,1_102_2
2017-12-18,0.700749054111455,0.377349928969457,0.000528318783588215,0.01112191816698,0.595973097915341,0.495785100128369,saturatedMedia,1_102_2
2017-12-25,0.87382450398902,0.25529413831579,0.728024908028282,0.172852475739299,0.580994281591059,0.63149609132154,saturatedMedia,1_102_2
2018-01-01,0.757726564507464,0.162419594009146,0.520557286253158,0.109717839045539,0.604329496494774,0.759028235719825,saturatedMedia,1_102_2
2018-01-08,0.585478690984205,0.126391884027577,0.0756455455131443,0.204987958826066,0.610465265124645,0.768039616700442,saturatedMedia,1_102_2
2018-01-15,0.672593824478189,0.0756477267177407,0.76796596158277,0.00627855995022747,0.597619482993438,0.255771813565705,saturatedMedia,1_102_2
2018-01-22,0.481256261552735,0.290586358425302,0.894455935650474,0.000154799264404471,0.512174084342192,0.0847377576682708,saturatedMedia,1_102_2
2018-01-29,0.51730924363461,0.188115920764659,0.389782758291787,3.79380687802211e-06,0.531944444689527,0.0885985378592056,saturatedMedia,1_102_2
2018-02-05,0.326142218674387,0.115877663729991,0.338071505864647,0.000978368635192927,0.592437973451155,0.558437422431627,saturatedMedia,1_102_2
2018-02-12,0.262998824302917,0.289191416827092,0.0370685728848796,2.3997055094593e-05,0.108048501582456,0.26784439693962,saturatedMedia,1_102_2
2018-02-19,0.138788357351719,0.187083159804485,0.314527220723127,5.88042690593862e-07,0.0099940985333633,0.193127952004484,saturatedMedia,1_102_2
2018-02-26,0.156909289668428,0.305009907384307,0.624053116630448,1.44095310131476e-08,0.501044227933205,0.175787771623383,saturatedMedia,1_102_2
2018-03-05,0.0775323609421746,0.198879132746525,0.111201670457724,3.53094207533961e-10,0.503640575888873,0.157401747781034,saturatedMedia,1_102_2
2018-03-12,0.470619968847365,0.365112860086105,0.862523598693852,8.65229531556086e-12,0.45010772337074,0.0593375881145663,saturatedMedia,1_102_2
2018-03-19,0.286466894563633,0.24545487317386,0.321060521811114,2.12017678583193e-13,0.437687380691591,0.0773243695530464,saturatedMedia,1_102_2
2018-03-26,0.334112827197905,0.36079907289115,0.191916191282717,5.1953261408672e-15,0.391570576610016,0.201789148529283,saturatedMedia,1_102_2
2018-04-02,0.184734871812623,0.242015922613716,0.0175858289007387,1.27307373094275e-16,0.440726827506669,0.0831488889708701,saturatedMedia,1_102_2
2018-04-09,0.0928315247620612,0.201786620869574,0.0013473973133966,3.11956685773331e-18,0.445907703557898,0.412059235928771,saturatedMedia,1_102_2
2018-04-16,0.044171779903545,0.125107639388787,0.00010168340716863,0.00813882531995485,0.423318350428586,0.253694013547691,saturatedMedia,1_102_2
2018-04-23,0.0204433528167536,0.436013059985429,7.66485489976413e-06,0.000201031568952257,0.348915380072558,0.02837793616952,saturatedMedia,1_102_2
2018-04-30,0.0093369716484239,0.304254347364698,5.77723494627715e-07,0.542174900715169,0.287837249223592,0.0245200761326319,saturatedMedia,1_102_2
2018-05-07,0.00423831287979633,0.341674766300078,4.35444967275424e-08,0.0282005261261291,0.383833197668587,0.00157548643053825,saturatedMedia,1_102_2
2018-05-14,0.00191849700495144,0.226952279201213,0.291797590159945,0.567631393448508,0.0493506555210897,0.114590405149137,saturatedMedia,1_102_2
2018-05-21,0.00140053593692363,0.244227652508283,0.0301200235984906,0.0311674808927419,0.00430750846154749,0.158490476840451,saturatedMedia,1_102_2
2018-05-28,0.00063297340252327,0.154543560645333,0.163729760975936,0.0105374098209671,0.319900574475521,0.280320005966258,saturatedMedia,1_102_2
2018-06-04,0.000285952407191091,0.093709368043983,0.0145422632995839,0.000260892691911419,0.400300347036018,0.285364225188846,saturatedMedia,1_102_2
2018-06-11,0.00706331003028872,0.0552567281988916,0.23245584588179,6.39459725152224e-06,0.315706670963394,0.070818472024366,saturatedMedia,1_102_2
2018-06-18,0.0032022209106578,0.166647853703194,0.0223176213925503,1.56695544070481e-07,0.399174658495974,0.193130356000179,saturatedMedia,1_102_2
2018-06-25,0.00144867890090272,0.10162165882952,0.560297914385967,0.0389825450596719,0.362744567068361,0.148700787292513,saturatedMedia,1_102_2
2018-07-02,0.0290720973232272,0.443720913350075,0.0876284681873859,0.000992997572970199,0.31086273590923,0.113734572259983,saturatedMedia,1_102_2
2018-07-09,0.0133417758165865,0.310917036008573,0.638598517517302,0.332660900075978,0.373854300664425,0.111323884761291,saturatedMedia,1_102_2
2018-07-16,0.0291865234118319,0.343600771507946,0.117530526417797,0.0120676617721642,0.393064415306103,0.0541751066327668,saturatedMedia,1_102_2
2018-07-23,0.049278433012117,0.228456015651842,0.274358849833266,0.000299231076482528,0.402719071080091,0.177306876171378,saturatedMedia,1_102_2
2018-07-30,0.0228724310520676,0.143464123017326,0.0277081003580449,7.33456268002481e-06,0.527942362726113,0.0641680452794772,saturatedMedia,1_102_2
2018-08-06,0.0598152315059297,0.360869274723025,0.36971479072213,1.79728964669923e-07,0.535359480469657,0.580001203430704,saturatedMedia,1_102_2
2018-08-13,0.0279289183970459,0.242071765179145,0.0423403004080011,0.086362285829115,0.0876069793730387,0.275085764870164,saturatedMedia,1_102_2
2018-08-20,0.4807566205188,0.392799577650811,0.00332132140894737,0.00231092615052692,0.00793823222149209,0.194724099155508,saturatedMedia,1_102_2
2016-11-21,850466.813614728,323523.082414722,65145.2981665394,258890.744589974,453.25578071006,25505.5921595419,saturatedSpendReversed,1_102_2
2016-11-28,615745.876978459,129409.232965889,52608.9415209876,203472.93871654,65397.8573446451,33697.5910617571,saturatedSpendReversed,1_102_2
2016-12-05,552713.73744495,500039.693186356,17392.4401132072,104717.335146298,64431.4949069254,58878.5184406407,saturatedSpendReversed,1_102_2
2016-12-12,400169.882625492,200015.877274542,5749.91559126546,102870.894172517,53412.3150843671,32894.8329298441,saturatedSpendReversed,1_102_2
2016-12-19,289726.714050507,707981.350909817,1900.91379308944,61628.9379711405,47761.4237464499,11877.3365940081,saturatedSpendReversed,1_102_2
2016-12-26,1017672.4335846,283192.540363927,628.439355570158,196633.079038805,73819.3864028657,3239.70504879335,saturatedSpendReversed,1_102_2
2017-01-02,1044711.89978332,963957.016145571,210193.761143649,200684.890120318,59182.0833533018,47238.1987508448,saturatedSpendReversed,1_102_2
2017-01-09,756381.124605908,385582.806458228,69489.7539689573,202964.226432611,62089.2844729286,32432.62240036,saturatedSpendReversed,1_102_2
2017-01-16,591976.663738767,154233.122583291,34490.5456703357,196500.270894698,61245.4747706378,42671.0160596706,saturatedSpendReversed,1_102_2
2017-01-23,428596.60615721,61693.2490333165,92259.8579365672,276651.216828104,60689.8418378835,23628.8130432211,saturatedSpendReversed,1_102_2
2017-01-30,612145.126074838,24677.2996133266,30500.9758345852,224427.273772098,66585.9321266473,32748.0035669707,saturatedSpendReversed,1_102_2
2017-02-06,443198.760326693,9870.91984533065,10083.5785754362,52546.3728929857,46423.2989229392,11476.1973282097,saturatedSpendReversed,1_102_2
2017-02-13,320880.021400519,243430.367938132,3333.61651897383,246793.623154583,4887.81224418422,21991.8220943283,saturatedSpendReversed,1_102_2
2017-02-20,232320.117633227,97372.1471752529,81284.7554749641,57783.1273887886,514.627548853319,24365.1899094638,saturatedSpendReversed,1_102_2
2017-02-27,168201.924262989,38948.8588701012,26872.6228059733,392870.940907384,33225.1716409123,32055.2032168271,saturatedSpendReversed,1_102_2
2017-03-06,121779.756372359,15579.5435480405,114092.383635908,91985.0008101114,44554.5758859383,19506.8328620067,saturatedSpendReversed,1_102_2
2017-03-13,165876.275389228,6231.81741921619,37718.7773102976,21536.9463429744,41095.105382397,30394.6760482253,saturatedSpendReversed,1_102_2
2017-03-20,120095.964974043,2492.72696768647,161373.439989345,5042.56187090419,30662.9824610683,29556.053253018,saturatedSpendReversed,1_102_2
2017-03-27,86950.5947683173,46890.0907870746,53349.8262791933,83984.6947625673,43789.2977885969,33074.7767815337,saturatedSpendReversed,1_102_2
2017-04-03,62953.0386986624,18756.0363148298,17637.3755446251,19663.7913660122,32865.4475871864,8709.94977255249,saturatedSpendReversed,1_102_2
2017-04-10,45578.5850798957,945680.414525932,5830.89089126913,4603.98995292171,25962.6947077979,3091.8284620642,saturatedSpendReversed,1_102_2
2017-04-17,89017.2191882163,378272.165810373,1927.68411036337,1077.95709850957,26813.9635450205,12663.823127488,saturatedSpendReversed,1_102_2
2017-04-24,64449.2939851059,706598.866324149,637.289583811546,252.387932664746,25922.7189636484,20755.2144091133,saturatedSpendReversed,1_102_2
2017-05-01,321333.78781292,282639.54652966,210.687016327657,59.0929533678643,22328.4261248042,10736.4347312147,saturatedSpendReversed,1_102_2
2017-05-08,232648.64873294,687454.818611864,69.6528234206582,13.8357531632666,18720.8117810075,11478.2044416866,saturatedSpendReversed,1_102_2
2017-05-15,168439.783832427,274981.927444746,23.0271228623049,3.23943980939941,1971.07519644757,21992.2750981805,saturatedSpendReversed,1_102_2
2017-05-22,121951.968911211,186879.770977898,7.61273357310048,123199.757314748,207.53039320615,24365.2921520587,saturatedSpendReversed,1_102_2
2017-05-29,88294.3588678351,74751.9083911593,53812.8500920618,28845.4263128465,16439.8867996621,11277.2262928963,saturatedSpendReversed,1_102_2
2017-06-05,132366.936395156,109563.763356464,17790.4505486734,109092.641498234,18306.7923371602,4533.26065001837,saturatedSpendReversed,1_102_2
2017-06-12,95834.8921190351,43825.5053425855,5881.49726660701,25542.4508960002,21422.4906382815,5817.15318049764,saturatedSpendReversed,1_102_2
2017-06-19,341332.952547928,17530.2021370342,1944.41450498763,14723.0526312908,25917.1791772553,6492.92666307286,saturatedSpendReversed,1_102_2
2017-06-26,247128.229865865,304447.080854814,35588.4872947867,3447.18803861817,21098.9771478013,2513.44817934394,saturatedSpendReversed,1_102_2
2017-07-03,213128.835140492,121778.832341925,83563.5025191352,200504.929604155,35750.5570867097,11544.2831758971,saturatedSpendReversed,1_102_2
2017-07-10,154307.257381626,48711.5329367702,27625.973288858,46945.3049122751,35185.820245016,9418.53516770245,saturatedSpendReversed,1_102_2
2017-07-17,185698.388418401,222324.613174708,196314.440217908,10991.5584502457,32914.5657186276,4486.7555998737,saturatedSpendReversed,1_102_2
2017-07-24,134447.35902649,88929.8452698832,64901.2705090377,2573.51309978559,34116.016346436,16126.6570291315,saturatedSpendReversed,1_102_2
2017-07-31,182728.037438793,420771.938107953,32349.5996630633,602.550557752795,37204.2358408525,13683.7731575579,saturatedSpendReversed,1_102_2
2017-08-07,132296.79731192,364932.775243181,81699.0642775322,141.078424927564,51347.3617112454,12018.4162875803,saturatedSpendReversed,1_102_2
2017-08-14,351137.010770926,145973.110097273,27009.5926979481,33.0314555748996,5406.25653716233,22114.2004651382,saturatedSpendReversed,1_102_2
2017-08-21,254226.459134577,58389.244038909,94040.6656844466,51375.9397187599,569.21346631154,24392.8106065701,saturatedSpendReversed,1_102_2
2017-08-28,1068230.71909933,23355.6976155636,31089.7083050108,49851.0820054162,62210.525461154,39217.4371853266,saturatedSpendReversed,1_102_2
2017-09-04,773408.968365839,9342.27904622544,10278.2126801823,11671.9037759887,46145.5841948995,28851.3431467857,saturatedSpendReversed,1_102_2
2017-09-11,926474.780871386,285295.91161849,37975.6289396686,24295.275350192,46388.9345228786,8776.72429322875,saturatedSpendReversed,1_102_2
2017-09-18,670776.351661981,114118.364647396,12554.6881005213,5688.38437785127,53631.0879574599,17904.89941617,saturatedSpendReversed,1_102_2
2017-09-25,1113127.11254853,316704.345858958,4150.56176032741,85548.3011181687,70150.8513756208,28377.120994018,saturatedSpendReversed,1_102_2
2017-10-02,1640697.77447339,236112.738343583,1372.16972563236,20029.8869890545,68957.6364700767,35914.6927454476,saturatedSpendReversed,1_102_2
2017-10-09,1522663.83675198,708013.095337434,139240.637330238,159100.447879445,56119.5993176018,23563.9164574954,saturatedSpendReversed,1_102_2
2017-10-16,1102422.76887827,283205.238134973,46032.753674104,156382.821343974,70206.3293904858,49284.3564612305,saturatedSpendReversed,1_102_2
2017-10-23,1130868.13017395,199703.095253989,15218.3619053327,207502.542617883,68669.843153846,46139.4385037805,saturatedSpendReversed,1_102_2
2017-10-30,853598.236112598,79881.2381015958,5031.16847454574,226794.010701928,71850.5107257587,15162.6331210796,saturatedSpendReversed,1_102_2
2017-11-06,776630.655969189,629185.495240638,174462.630367319,159290.441684283,77364.0204672381,29365.1937585893,saturatedSpendReversed,1_102_2
2017-11-13,562287.812637375,251674.198096255,57677.0937207641,291638.718133344,8145.49623297524,26029.3537976023,saturatedSpendReversed,1_102_2
2017-11-20,821306.602042692,298116.679238502,29163.6305800262,165550.022170735,857.622296265111,25276.4574765621,saturatedSpendReversed,1_102_2
2017-11-27,594633.612796173,119246.671695401,81654.787498391,133210.737464455,97924.6071947639,47173.8755532628,saturatedSpendReversed,1_102_2
2017-12-04,647446.861967466,212402.66867816,26994.9548586882,90951.2194748761,90923.8632557041,26783.1047078498,saturatedSpendReversed,1_102_2
2017-12-11,468757.545194123,84961.0674712642,8924.49310258719,104814.010926831,81774.17485508,43828.9245876314,saturatedSpendReversed,1_102_2
2017-12-18,817502.719178354,206187.426988506,2950.42453506798,63195.2672625576,94682.1078152776,53143.1520405946,saturatedSpendReversed,1_102_2
2017-12-25,1269997.46625052,82474.9707954023,113733.739424981,198361.476165931,89522.3351562199,69517.3654754958,saturatedSpendReversed,1_102_2
2018-01-01,919489.968448201,32989.9883181609,77287.8767186206,161317.255416912,97716.6377540148,93307.0119091503,saturatedSpendReversed,1_102_2
2018-01-08,665719.282553352,20596.9953272644,25551.2604595797,215368.366398097,100021.101044288,95586.3154393607,saturatedSpendReversed,1_102_2
2018-01-15,775156.247515368,8238.79813090575,124552.209818561,50425.3618550819,95270.7833450058,31967.752361545,saturatedSpendReversed,1_102_2
2018-01-22,561220.327214206,109816.519252362,186282.447411681,11806.3630269446,69582.4061262826,16955.0952762761,saturatedSpendReversed,1_102_2
2018-01-29,595097.732675507,43926.6077009449,61584.7081708879,2764.28770753494,74761.3304637112,17359.7509849653,saturatedSpendReversed,1_102_2
2018-02-05,430856.28907346,17570.643080378,55960.8156089912,24305.4680134693,93432.909644343,60020.0814438372,saturatedSpendReversed,1_102_2
2018-02-12,380683.057506854,108626.257232151,18500.5648474666,5690.77084129816,9837.35603381939,32948.1366019469,saturatedSpendReversed,1_102_2
2018-02-19,275618.071561328,43450.5028928605,53451.9266952344,1332.4109928771,1035.75468327483,26838.0210348828,saturatedSpendReversed,1_102_2
2018-02-26,292220.84530197,122701.201157144,92692.1297947618,311.964600833368,66831.3908064557,25382.3191572366,saturatedSpendReversed,1_102_2
2018-03-05,211570.607790183,49080.4804628577,30643.8842868162,73.0419612967718,67463.1312714341,23806.768447062,saturatedSpendReversed,1_102_2
2018-03-12,551580.986298419,189515.192185143,163781.823903421,17.1017099242257,55534.0165884846,14084.1679544797,saturatedSpendReversed,1_102_2
2018-03-19,399349.760268037,75806.0768740572,54146.0345241066,4.00411595115922,53059.4535386888,16157.7850621893,saturatedSpendReversed,1_102_2
2018-03-26,437211.737841798,183913.430749623,40319.2675075425,0.937505350129699,44662.9911958178,27556.7987288817,saturatedSpendReversed,1_102_2
2018-04-02,316545.361480301,73565.3722998492,13329.4916274558,0.219503204263442,53655.9348782034,16786.546688469,saturatedSpendReversed,1_102_2
2018-04-09,229181.783566276,50534.1489199397,4406.71068771712,0.0513934738348455,54686.1292408717,45117.7097080574,saturatedSpendReversed,1_102_2
2018-04-16,165929.74123201,20213.6595679759,1456.85219121496,55857.9161757707,50315.6260719892,31799.0297766755,saturatedSpendReversed,1_102_2
2018-04-23,120134.674741109,304998.46382719,481.633231099936,13078.3163875963,37836.6967943389,9706.014728375,saturatedSpendReversed,1_102_2
2018-04-30,86978.6209994272,121999.385530876,159.227250848496,391161.079919605,29304.0029206102,9026.63949902232,saturatedSpendReversed,1_102_2
2018-05-07,62973.3299504513,160688.75421235,52.6402992477674,91584.6617980615,43363.4917360355,2367.30507148158,saturatedSpendReversed,1_102_2
2018-05-14,45593.2761347702,64275.5016849402,51044.7361402657,407269.457449844,4565.65153221463,19935.9526434411,saturatedSpendReversed,1_102_2
2018-05-21,40113.2556484786,75001.2006739761,16875.3160726464,95356.2034568726,480.707919936513,23901.181874242,saturatedSpendReversed,1_102_2
2018-05-28,29042.3698871368,30000.4802695904,37119.6217967154,61859.4725446536,33620.4085500475,33962.4769869309,saturatedSpendReversed,1_102_2
2018-06-04,21026.9457072418,12000.1921078362,12271.6933749127,14483.4932789657,46164.5308512555,34373.3029749382,saturatedSpendReversed,1_102_2
2018-06-11,77583.8041086347,4800.07684313447,44742.004112612,3391.09871023261,33036.3742436945,15433.0260607505,saturatedSpendReversed,1_102_2
2018-06-18,56171.3952095931,34663.0307372538,14791.6419638102,793.976303993045,45968.7507917726,26838.2212215055,saturatedSpendReversed,1_102_2
2018-06-25,40668.6121677441,13865.2122949015,82771.095477951,104414.912389892,39962.4442079595,23046.3643391918,saturatedSpendReversed,1_102_2
2018-07-02,139109.053168361,320736.084917961,27364.0046650723,24447.2288497308,32369.3527426318,19854.5453760542,saturatedSpendReversed,1_102_2
2018-07-09,100716.247321555,128294.433967184,95205.8337690991,278775.414814561,41729.1993806818,19624.1544751485,saturatedSpendReversed,1_102_2
2018-07-16,139337.899080048,162913.773586874,31474.9111915972,65271.197453114,44917.2353042716,13442.155439307,saturatedSpendReversed,1_102_2
2018-07-23,173848.633888424,65165.5094347495,49200.5601983549,15282.2989064417,46587.398376398,25510.8833683466,saturatedSpendReversed,1_102_2
2018-07-30,125868.026619588,26066.2037738998,16265.6341687612,3578.12739736533,73681.1175967355,14663.7852832094,saturatedSpendReversed,1_102_2
2018-08-06,188940.82104308,184003.48150956,59378.3951728464,837.766343280966,75696.4951887323,62627.6042140417,saturatedSpendReversed,1_102_2
2018-08-13,136794.910380718,73601.392603824,19630.411717181,145407.199469918,7969.92597702904,33536.6523352181,saturatedSpendReversed,1_102_2
2018-08-20,560764.186436521,229000.55704153,6489.78577249014,34044.9749990279,839.136870484559,26970.8485492828,saturatedSpendReversed,1_102_2
2016-11-21,207404.717973605,123428.720039074,96303.1783008872,0,0,0.177244304660132,decompMedia,1_102_2
2016-11-28,154883.145837776,86548.8570478802,70059.1092949027,0,0,0.277064643583442,decompMedia,1_102_2
2016-12-05,135789.21385279,142138.303538984,7369.58942904958,0,0,0.548622563759722,decompMedia,1_102_2
2016-12-12,82731.992641519,103424.749119513,572.536688291517,0,0,0.267188214291655,decompMedia,1_102_2
2016-12-19,44355.3148306469,157022.390081359,43.2537312344694,0,0,0.042459897787457,decompMedia,1_102_2
2016-12-26,230380.417573425,117786.734959578,3.26071322064239,0,0,0.00301015671483509,decompMedia,1_102_2
2017-01-02,233288.3548883,169892.271820064,209844.65716901,0,0,0.435248328338927,decompMedia,1_102_2
2017-01-09,189684.102763067,130940.628170029,104789.71134175,0,0,0.261496933168656,decompMedia,1_102_2
2017-01-16,147932.315446725,93175.0610933563,32351.3493490033,0,0,0.384433270110804,decompMedia,1_102_2
2017-01-23,93034.9898448165,61710.3494738814,142022.458804284,0,0,0.155354565547092,decompMedia,1_102_2
2017-01-30,153850.078351786,38641.6240471948,25166.2498678206,0,0,0.265380510243029,decompMedia,1_102_2
2017-02-06,98300.5109446362,23266.0271588403,2111.89010060156,0,0,0.0396629906661522,decompMedia,1_102_2
2017-02-13,54626.1792542947,111461.301881264,160.550379712212,0,0,0.136850599589422,decompMedia,1_102_2
2017-02-20,27535.9386783811,76382.6211361823,125650.696433245,0,0,0.16386655760383,decompMedia,1_102_2
2017-02-27,13124.0263249427,49077.4343872686,19264.9583389079,0,0,0.256848811405394,decompMedia,1_102_2
2017-03-06,6078.8968145121,30072.5559831573,166700.430598831,0,0,0.110102857637144,decompMedia,1_102_2
2017-03-13,12701.3794795622,17851.6105087292,38600.5334536692,0,0,0.236416881129747,decompMedia,1_102_2
2017-03-20,5878.27560417654,10388.3840402648,196154.460361902,0,0,0.226130308477093,decompMedia,1_102_2
2017-03-27,2684.72641322498,53912.8806406456,71655.9116092214,0,0,0.269403197721536,decompMedia,1_102_2
2017-04-03,1218.66756797691,33308.7537785136,7606.14287267282,0,0,0.0228140051935286,decompMedia,1_102_2
2017-04-10,551.635956254253,169107.802235264,591.49785173526,0,0,0.00273366297959638,decompMedia,1_102_2
2017-04-17,2842.95525151398,130118.204723981,44.689636794208,0,0,0.0481907157629396,decompMedia,1_102_2
2017-04-24,1290.88303249703,156939.590157084,3.36897955699097,0,0,0.123316374973298,decompMedia,1_102_2
2017-05-01,54780.2893877433,117704.383931877,0.25393192774132,0,0,0.0347342873908168,decompMedia,1_102_2
2017-05-08,27622.6776348314,155774.681557816,0.0191395080062046,0,0,0.0396767696204286,decompMedia,1_102_2
2017-05-15,13167.6645282633,116548.785311534,0.00144259298927356,0,0,0.136855631981673,decompMedia,1_102_2
2017-05-22,6099.62979538114,100700.246781319,0.000108731864111259,0,0,0.163867746728043,decompMedia,1_102_2
2017-05-29,2787.01230428067,67627.498221632,72652.4418416613,0,0,0.0383078842452715,decompMedia,1_102_2
2017-06-05,7427.76219198592,80508.5225853544,7755.96485367005,0,0,0.00601235945569527,decompMedia,1_102_2
2017-06-12,3402.56926431537,52110.8847529386,603.526355876664,0,0,0.010029405411074,decompMedia,1_102_2
2017-06-19,61676.6197813326,32096.5013839166,45.6006550984582,0,0,0.0125568759932288,decompMedia,1_102_2
2017-06-26,31563.2898098377,120845.925946307,34437.8835288165,0,0,0.00178291607918108,decompMedia,1_102_2
2017-07-03,22685.5631762309,84315.0174949446,129290.46540273,0,0,0.0401316195604832,decompMedia,1_102_2
2017-07-10,10707.8085074459,54949.5570826658,20435.2023352091,0,0,0.0267127372751546,decompMedia,1_102_2
2017-07-17,16535.8753111627,107723.473705709,206919.323445951,0,0,0.00588623952606567,decompMedia,1_102_2
2017-07-24,7710.64663706187,73301.3115505004,95815.0926456899,0,0,0.0770403025637456,decompMedia,1_102_2
2017-07-31,15928.0107843944,134698.96739233,28413.0974890387,0,0,0.0560943866224226,decompMedia,1_102_2
2017-08-07,7418.32742982435,128577.424676639,126321.969264582,0,0,0.0434639860738002,decompMedia,1_102_2
2017-08-14,65121.5715902303,91069.4482158991,19475.480845421,0,0,0.138211977034002,decompMedia,1_102_2
2017-08-21,33576.0501433443,60083.8057749388,144409.639813232,0,0,0.16418786860753,decompMedia,1_102_2
2017-08-28,235667.352639675,37517.3253786049,26183.8353213706,0,0,0.344043014324218,decompMedia,1_102_2
2017-09-04,193195.434193966,22546.832610679,2207.40231617665,0,0,0.217515728107218,decompMedia,1_102_2
2017-09-11,219025.168939049,118098.639685526,39111.7313025013,0,0,0.0231688104761712,decompMedia,1_102_2
2017-09-18,169778.080046158,81963.245333162,3502.17662090273,0,0,0.0939000750590754,decompMedia,1_102_2
2017-09-25,239852.11594595,122522.102736529,267.762148172343,0,0,0.211738124303188,decompMedia,1_102_2
2017-10-02,267221.458110013,110198.472914107,20.2037957966765,0,0,0.304220281345264,decompMedia,1_102_2
2017-10-09,263427.655830984,157024.289266716,185355.105543506,0,0,0.154609623260891,decompMedia,1_102_2
2017-10-16,238894.706270737,117788.624180843,55877.2799533638,0,0,0.456915006921833,decompMedia,1_102_2
2017-10-23,241386.337336703,103361.643211703,5441.97814750856,0,0,0.423323517798346,decompMedia,1_102_2
2017-10-30,207927.637692641,69760.0211788731,419.410627282122,0,0,0.0684502951417832,decompMedia,1_102_2
2017-11-06,193843.941136588,152002.415187557,200892.804770759,0,0,0.223794153702948,decompMedia,1_102_2
2017-11-13,138823.918384788,112844.641467711,80904.5070324399,0,0,0.183458535021873,decompMedia,1_102_2
2017-11-20,202337.774486062,119955.747233386,22914.9192871935,0,0,0.174538884431925,decompMedia,1_102_2
2017-11-27,148724.57636382,83550.2647316918,126250.432895617,0,0,0.43455572571222,decompMedia,1_102_2
2017-12-04,163668.510323639,105859.217481544,19452.9345377199,0,0,0.192468657414466,decompMedia,1_102_2
2017-12-11,107417.526368784,71780.6592594097,1591.48150491598,0,0,0.397618444975571,decompMedia,1_102_2
2017-12-18,201649.809677239,104653.183687166,120.731401175798,0,0,0.495785100128369,decompMedia,1_102_2
2017-12-25,251454.559784062,70802.5689162953,166368.241992403,0,0,0.63149609132154,decompMedia,1_102_2
2018-01-01,218045.841979854,45045.0001478863,118957.743911297,0,0,0.759028235719825,decompMedia,1_102_2
2018-01-08,168479.237915983,35053.1748921453,17286.5190226283,0,0,0.768039616700442,decompMedia,1_102_2
2018-01-15,193547.769918989,20979.9309127445,175495.571002589,0,0,0.255771813565705,decompMedia,1_102_2
2018-01-22,138487.855215362,80590.4154489168,204401.0581408,0,0,0.0847377576682708,decompMedia,1_102_2
2018-01-29,148862.577710457,52171.5482073342,89073.1505760998,0,0,0.0885985378592056,decompMedia,1_102_2
2018-02-05,93851.7375621635,32137.1901690645,77256.0958810502,0,0,0.558437422431627,decompMedia,1_102_2
2018-02-12,75681.3905846326,80203.5462113656,8470.9097669844,0,0,0.26784439693962,decompMedia,1_102_2
2018-02-19,39938.1856902792,51885.1251443562,71875.7561635932,0,0,0.193127952004484,decompMedia,1_102_2
2018-02-26,45152.723664179,84590.6025504485,142608.609648909,0,0,0.175787771623383,decompMedia,1_102_2
2018-03-05,22310.9624423836,55156.5875941929,25411.8042070497,0,0,0.157401747781034,decompMedia,1_102_2
2018-03-12,135427.121294816,101259.388911215,197103.88093766,0,0,0.0593375881145663,decompMedia,1_102_2
2018-03-19,82434.6382327028,68073.7743858251,73368.7460385677,0,0,0.0773243695530464,decompMedia,1_102_2
2018-03-26,96145.3855982886,100063.015123803,43856.6853983834,0,0,0.201789148529283,decompMedia,1_102_2
2018-04-02,53159.9029969431,67120.0253665933,4018.71337907773,0,0,0.0831488889708701,decompMedia,1_102_2
2018-04-09,26713.4992055804,55962.9422937703,307.90721556792,0,0,0.412059235928771,decompMedia,1_102_2
2018-04-16,12711.0139619797,34697.0060425855,23.2366908108391,0,0,0.253694013547691,decompMedia,1_102_2
2018-04-23,5882.84519326278,120922.653891242,1.7515725365142,0,0,0.02837793616952,decompMedia,1_102_2
2018-04-30,2686.83709927205,84381.0576282201,0.132021365064596,0,0,0.0245200761326319,decompMedia,1_102_2
2018-05-07,1219.63059464592,94759.132926101,0.00995078779464473,0,0,0.00157548643053825,decompMedia,1_102_2
2018-05-14,552.072890637508,62942.3162429903,66681.5812991991,0,0,0.114590405149137,decompMedia,1_102_2
2018-05-21,403.022741835717,67733.4204069862,6883.02737940926,0,0,0.158490476840451,decompMedia,1_102_2
2018-05-28,182.146469411104,42860.6828787658,37415.5227314622,0,0,0.280320005966258,decompMedia,1_102_2
2018-06-04,82.2865876857262,25989.0964704779,3323.19780966675,0,0,0.285364225188846,decompMedia,1_102_2
2018-06-11,2032.56089315037,15324.7478857177,53120.8067110638,0,0,0.070818472024366,decompMedia,1_102_2
2018-06-18,921.481425326215,46217.6539751884,5100.02253437517,0,0,0.193130356000179,decompMedia,1_102_2
2018-06-25,416.876516545397,28183.4692724723,128039.271706872,0,0,0.148700787292513,decompMedia,1_102_2
2018-07-02,8365.88056416345,123060.32858541,20024.856347712,0,0,0.113734572259983,decompMedia,1_102_2
2018-07-09,3839.27247334271,86228.8692348159,145932.524459975,0,0,0.111323884761291,decompMedia,1_102_2
2018-07-16,8398.80818476295,95293.2858736101,26858.0742841988,0,0,0.0541751066327668,decompMedia,1_102_2
2018-07-23,14180.5209436722,63359.3583434473,62696.480599047,0,0,0.177306876171378,decompMedia,1_102_2
2018-07-30,6581.84458679501,39787.9423474481,6331.85471359989,0,0,0.0641680452794772,decompMedia,1_102_2
2018-08-06,17212.6240887545,100082.48470533,84487.2189024617,0,0,0.580001203430704,decompMedia,1_102_2
2018-08-13,8036.91570643162,67135.512588953,9675.60486822758,0,0,0.275085764870164,decompMedia,1_102_2
2018-08-20,138344.076898703,108937.946442435,758.988322796285,0,0,0.194724099155508,decompMedia,1_102_2
